"字段1","时间","字段2"
"2019","07/10","·﻿  ﻿  ﻿  ﻿﻿  击上面  ↑↑↑  蓝字订阅【同济微生活】  -----------------------------------  扫一扫下方二维码关注考研巴巴（KYBB00）,免费获取考研咨询和考研资料。  ❤表白1:汽车学院高婉莹小姐姐有没有男朋友呀，我可以加你微信吗  ❤表白2:请问测绘学院17级的tly小姐姐有npy了吗  ❤表白3:表白吴艾辉老师  上课认真教的好给分还好  遇到这种老师真的太幸运了  ❤表白4:表白嘉图三那位安安静静的姑娘。考试周的前两个月偶然注意到你，一袭黑色长裙让我开始不自觉的关注起关于你的一切，刻意制造着偶然。给你留了字条却并无你的回信，我真的很想认识你。如果我猜的不错，你或许已经搬回四平，不知能否再见到你。  ❤表白5:表白18级方晏如小姐姐❤️你也许不知道我是谁，但是我想说，当我第一次看见你的时候就已怦然心动。听说你转专业成功了，祝贺你呀  你是一个很可爱的女孩子，虽然不敢加你微信，但我会一直关注你的！  ❤表白6:李文浩永远喜欢戚银烁嗷  ❤表白7:小贾小贾！虽然你在嘉定但是要努力好好吃饭啊  ❤表白8:姑娘啊，看清楚吧。到底是喜欢你，还是喜欢你的外表，喜欢牵着你出去时倍有面子的感觉。越好的大学，越多被关了很久然后突然被放出的疯子。  ❤表白9:hxt，我爱你啊！  ❤表白10:表白18级材料的sz小哥哥，我觉得你应该不会来看墙墙的，不过没关系，这些话我还没有勇气跟你说呢。没有遇见你之前，我只觉得孤独的自由是最好的状态，可以放肆的背叛原来的生活；但是现在每天有你的早安晚安之后，我不想再虚度年华了。谢谢你让我觉得心安，虽然我们现在还是好朋友的关系，但是谁知道以后会怎么样呢？请给我一点时间，让我再变好一点，好配得上你呀，不然我会害怕又自卑的逃走的。假如你看到这条表白了，这么聪明厉害的你就应该知道我是谁了吧。  ❤表白11:表白，武澳奇小哥哥，又帅又聪明，还非常沙雕  ，不知道有没有npy  ❤表白12:20:嘉定有没有最近想打乒乓球的呀，男女不限，很多人都放假了，想找个人一起玩耍，可以的话加qq 2308764743  ❤表白13:JHY，我明明不喜欢你了，但和你在一起的时光真的很快乐。  ★❤表白14:  表白张晋榜同学 你少年温润如玉，暖橙色的短发好像是刚刚洗过似的，散发着柠檬水的清香；浅蓝色的眼眸宛若繁华薄澈的午夜星空般优雅温顺，仿佛要让我深深迷恋。  ★❤表白15:大一一年单身 大学四年还会单身 这样的兄弟应该不多叭  ★❤表白16:别再咸鱼下去了宝宝，没有多少时间可以浪费了。那么多的FLAG， 要是实现了一定会变成一个很厉害的人！  ★❤表白17:亲爱的丁wy傻瓜，不知不觉我们已经分享了两百多个天气，学会了去习惯突然的情绪，就算每一次莫名的脾气；再忙也要保持联系，只留下足够爱你的情意🙋‍♂️你就像火炭上的一颗糖，在我心头永远翻腾不息，滋滋作响。爱你  ★❤表白18:害 我觉得单身真的挺好的…我早就不指望脱单啦。我的灵魂这么有趣，还是我自己珍藏吧。  ★❤表白19:保持新鲜感 保持温热的态度 保持乍见之欢之后的久处不厌 表白我的小丁同学  ★❤表白20:  冥冥之中，我总能感觉到你的感受。时间太短，我其实还有很多话没和你说。嘿，我也想你了，在你想我的那会儿。  ★❤表白21:闲暇的时光总是会想起你，却总猜不透你的心思，要的不是秒回，不是做不切实际的梦，而是能在你心里有一定的分量，能一起去憧憬。也许是我太烦了，也许可以忍受下去被无视的感觉，感情很牢固，但是耐心会被一点一点磨掉，总害怕什么时候会爆发，真的害怕  ------------------------------------  发表表白、树洞等直接点击文章底部阅读原文  如果有什么紧急的事情找找小编，可以点击阅读原文到【  互动交流  】板块留言，小编会定时的查看你的留言消息  ------------------------------------  小编也很辛苦，能不能打赏一块钱，长按二维码直接打赏（凭自愿）  【同济微生活】  订阅  :  微信中搜索添加好友【  ""tongji006】  或长摁下面二维码直接关注  点击  “阅读原文”  发表表白、树洞等信息  ↓↓↓"
"2019","07/09","·﻿  ﻿  ﻿  ﻿﻿  击上面  ↑↑↑  蓝字订阅【同济微生活】  -----------------------------------  扫一扫下方二维码关注考研巴巴（KYBB00）,免费获取考研咨询和考研资料。  ❤表白1:其实我应该放下你了。只是刚才填了问卷，最后一题映入眼帘：冰岛的首都是？也许作题者同你一样，也爱着这首歌。我本是颓然的样子，因为生活的波折起伏，很少与人敞开心扉，，写下的文字亦不过是有气无力的无病呻吟，也许这样，才会因为那个现在人群中间充满笑容而活力四射的你而动心。只是后来的交谈，才真正被那份温文尔雅吸引。于是与你相关的东西看了一遍又一遍，每次都会开心无比。而住在北国的我，对于冬天的记忆恐惧到骨子里，却也因为你会向往那片冰天雪地。只是这是生活啊。本不该有交集，一切不过是我的强求。而如今，应该后悔了罢！所以，祝我们都可以活成自己想要的样子，灿烂耀眼，在未来不见彼此的日子里熠熠生辉。  ❤表白2:表白软件学院大一的瘦高小哥哥，我知道你喜欢穿白衬衫牛仔裤，我知道你喜欢穿白鞋，我知道你洗脸喜欢用37度的水。你搬了嘉定我们就再也不能在楼道偶遇了  希望你在嘉定好好的  ❤表白3:表白新生院张子冲，踢球的样子太帅咯，不知道小哥哥有没有女朋友？  ❤表白4: 表白15级展鹏学长，甜甜的恋爱终于轮到我了  。 因为你我相信原来真的有细水长流、岁月静好的爱情。想和你拥有更多美好的回忆，一起种昙花，深夜守望它的盛开；为你做丰盛的晚餐，哪怕不够色香味美；去看东方泛着鱼肚白的朝阳，迎接新的一天到来；一起在夕阳下漫步跳舞，影子拉得长长的；一起享受春的百花烂漫、夏的绿树成荫、秋的瓜果飘香、冬的白雪皑皑……碧海情天，爱是一场修行。我也一直在努力，学着成长，学着爱。我是爱你的，你是自由的。💏 💏 💏  ❤表白5:周二下午四点半左右在七号楼下，打着特别大红伞，穿着白色裙子，蓝色书包，棕色小鞋子的小姐姐好漂亮啊，好想再次遇到你。  ★❤表白6: Mr. 范，我以为对你的喜欢是一时兴起，但好像越来越抓不住自己那颗想要跳出来的心了，我是什么时候被你蛊惑的呢，是第一次看到你的名字出现在我的名字下面的时候，是第一次跟你擦肩而过的时候，是第一次默默跟在你身后看你的时候，还是第一次认真说话的时候呢？想跟你说，你不是我曾经的男神啊，现在也是。  ★❤表白7:18级！李狗蛋！因为在人群多来了你一眼，才能让我知道你这么傻屌。  感谢你这么多天的关爱，哈哈哈哈爱你呦！  ★❤表白8:这几天忙到没时间想你，我也不知道我们是怎么走到今天这一步的，如果当时都可以退一步，是不是就是不一样的结局，六月太难熬了，七月又是难熬的一个月  ★❤表白9:表白15级gkq 不知道你现在有没有喜欢的人 害怕向你说出后连朋友都没得做 阳光积极 兴趣广泛 善良可爱的你一定很受男孩子的欢迎吧 不论结局如何，那个人是不是我，我都会好好看着你的 祝你一直是那个阳光的女孩子  ★❤表白10:表白打卡第一百零七天，mzy乖乖，从碧落到黄泉，路过人间，如果余生没有你，我也就不期待了  ★❤表白11:毕业了，我们之间微薄的联系也到了尽头，再没理由能再见到你。我知道你来了，你不愿见我，我也没来找你。我只是想告诉你，四年前第一次见面，你就在我的眼中熠熠生辉。祝毕业快乐，身体健康，天天开心。  ★❤表白12:辛土土同学  ，我喜欢你，好喜欢好喜欢好喜欢的那种喜欢，我喜欢和你在一起的感觉，看见你我就好开心  ，看不见你的时候我就一直想着你，满脑子都是你，好像中了你的毒，好像一直一直和你在一起  ★❤表白13:所有人都知道我喜欢你包括你自己。你到底有没有感情？  ★❤表白14:我喜爱一切不彻底的事物 琥珀里的时间 微暗的火 背不完的毛概 遥不可及的你 周雨乐  看我一眼好吗  ★❤表白15:表白樊xh小朋友哦，可爱到让人心软～～笑起来就像春夏之交吹来的一缕微风，带着一丝丝甜味  。想要永远永远都惯着你的小性子，宠着你的小脾气。[haha]  ★❤表白16:你好似离我很近又好似离我很远，我对你熟悉，却也陌生，没有了找你的理由，连晚安都不必再说。曲终人散，我也的确不值你留恋。 夜深，却还是会期待着什么。 夜太长，我想你。  ★❤表白17:我知道你不可能看表白墙，刚刚我透着窗户看外面的深蓝色的天，突然想起来曾经我就在这个位置一边看天一边跟你打电话，孤独感突然袭来，可明明我有很爱我的家人，关系很稳定的朋友，一年不见，我依然爱你。  ★❤表白18:我亲爱的lrj，希望你感冒快点好哦，回归活泼帅气阳光潇洒(皮得让人想敲打  )的你。 暑假再繁忙，有一个人会一直陪伴着你哦  ，该开心才是  ★❤表白19:我从来没有觉得你总是在抱怨。你是一个极端细心敏感的人，一点点不对的语气都会让你抓狂半天。对你来说交情不到一年的朋友也不可能真正表达情感。我还记得几年前那个任性却活泼向阳的你，如果隐藏感情就意味着要被负面情绪吞没，我希望你可以更随心所欲地生活。不用管什么成年人该有的成熟，我只希望你可以更快乐。我在家等你回来。  ★❤表白20:曾经的，现在全部放心里，只有自己知道，曾想过用尽心思让你喜欢，可是到最后还是没有，只想我们都好好的就好，或许不一定拥有，也好。但愿放假会碰到的吧。  ★❤表白21:喜欢了那么久的人 不愿意看他难过苦恼 只愿意让他每天无忧无虑像个孩子 真想对他说 和我在一起吧我一定让你幸福  ------------------------------------  发表表白、树洞等直接点击文章底部阅读原文  如果有什么紧急的事情找找小编，可以点击阅读原文到【  互动交流  】板块留言，小编会定时的查看你的留言消息  ------------------------------------  小编也很辛苦，能不能打赏一块钱，长按二维码直接打赏（凭自愿）  【同济微生活】  订阅  :  微信中搜索添加好友【  ""tongji006】  或长摁下面二维码直接关注  点击  “阅读原文”  发表表白、树洞等信息  ↓↓↓"
"2019","07/07","·﻿  ﻿  ﻿  ﻿﻿  击上面  ↑↑↑  蓝字订阅【同济微生活】  -----------------------------------  扫一扫下方二维码关注考研巴巴（KYBB00）,免费获取考研咨询和考研资料。  ❤表白1:表白交运岳之昂，一个月见不到你，总感觉心里少了点什么，但是可以和你一起暑期实习还是很开心的  想你的第一天  ❤表白2:假期在图书馆一楼阅览室自习的同学可以自觉选位和对号入座吗，每次选位都是紊乱的，很无语啊  ❤表白3:想知道龙诗琪有没有男朋友  ❤表白4:今天下午五点半左右在西苑遇到了一个很gentle的小哥哥啊~因为一卡通充值出了bug，有点窘迫，很感谢小哥哥帮忙刷卡饮料，穿很帅的白色衬衣哦！后来再找的时候就因为脸盲找不着了  在这里表达一下自己的感谢和愧疚！最后给小哥哥最好的祝福！！  ❤表白5:wzz，我与你隔着长风深谷，近不得，退不舍。  ❤表白6:wzz，我与你隔着长风深谷，近不得，退不舍。  ❤表白7:表白图书馆七楼的小姐姐，这学期稳定坐在7楼靠窗那一排面对面的座位，一直很刻苦，每天基本上待到闭馆，好像在考证吧，有几次经过好像是在看一个叫CFA的证书，最近小姐姐突然不见了，我学习的动力一下没了，诚寻小姐姐！我是您的小迷弟  ❤表白8:四平校区有小姐姐一起打乒乓球、羽毛球，或者游泳吗？假期不回家，又找不到人一起玩，有兴趣的小姐姐可以联系我(19946257163)。假期一起玩!  ❤表白9:我远比想象中更喜欢你啊，所以也远比想象中更难过。你有想起我吗？你会期待在哪里遇见我吗？我好想见到你...多希望什么时候醒来看见你发来的消息，但我知道不可能了，是我画下的句号，你若有心当然能在后面再写些什么，可是我比谁都清楚你无心。  ❤表白10:同济，再见了。  ❤表白11:ydx，最近魔都又开始下雨了，还记得你说，你高中的时候在北方，那里很少下雨，所以你几乎从来不带伞。来了上海后，下雨的时候还是习惯戴上帽子在雨里跑，经常被淋成落汤鸡。我想提醒你记得带伞，如果可以，也想替你撑伞。  ❤表白12:继续寻找图书馆二楼 用的好像是蓝色的校园卡 应该是2014级继续在本校读研了？ 戴眼镜 高高的 用thinkpad的一个男生  ❤表白13:嘉图二楼的唇钉小姐姐太酷了不敢搭讪  或许有好心人能给个联系方式吗  ❤表白14:表白电院15级电科的胡特同学！本科四年我曾非常堕落，但就在与你相遇以后，我决心努力成为更好的自己。遗憾的是，毕业让我们分隔异地，不再能每日朝夕相处。或许，遇见你我已经足够幸运了。愿你在清华前程似锦，而我，会在同济继续默默追随你！  ★❤表白15:自始至终，我的手都一直这么伸着 太久了 你都没放上来 我觉得很累 手酸心也累了 所以就缩回来了  ★❤表白16:从大一开始关注表白墙，到现在我已经毕业了，虽然没有遇到我的那个他，但是表白墙里甜甜的爱情还是很美好，愿你们都幸福  ★❤表白17:转眼相识百日，你我已是热恋之人。缘分促成我们在一起，遇见你是我最大的幸运，有你真好！68公里外的第7天，一天比一天想你～长厢厮守是我们的约定，爱你❤️mz  ★❤表白18:亲爱的X先生，原来已经喜欢你那么久了 朋友说闲来无事的岁月漫长 我却只嫌时间短暂 不能让我有机会走近你一点点  ★❤表白19:我像个傻瓜，校园那么大，雨还在下。 到哪里才能和你偶遇呢？特意化了见你的妆，回头率那么高却没能换回你的回眸。见到和你相似的人，心跳漏半拍就是我最大的悸动。  ★❤表白20:昨晚梦到你，我才发现原来我真的恋上了操场练球时披下长发的你发梢停下的阳光，微笑时陷下去的酒窝，偶尔的逗乐。。。或许因为你，每个练球的下午都很明媚。不善言辞的我，在这里表明心迹，Z  ★❤表白21:我羡慕那种开诚布公的恋爱/不是秀恩爱 而是你不会藏着掖着偷偷摸摸/事事均有保质期 期待也是 等待的时间久了 我的期待就过期了 ​​​/to ftm.  ------------------------------------  发表表白、树洞等直接点击文章底部阅读原文  如果有什么紧急的事情找找小编，可以点击阅读原文到【  互动交流  】板块留言，小编会定时的查看你的留言消息  ------------------------------------  小编也很辛苦，能不能打赏一块钱，长按二维码直接打赏（凭自愿）  【同济微生活】  订阅  :  微信中搜索添加好友【  ""tongji006】  或长摁下面二维码直接关注  点击  “阅读原文”  发表表白、树洞等信息  ↓↓↓"
"2019","07/06","·﻿  ﻿  ﻿  ﻿﻿  击上面  ↑↑↑  蓝字订阅【同济微生活】  -----------------------------------  扫一扫下方二维码关注考研巴巴（KYBB00）,免费获取考研咨询和考研资料。  ❤表白1:w同学，德福加油 好运通通都给你呦 相信你肯定没问题的 [good][good][good] 要顺顺利利开开心心  ❤表白2:Woody 明天烤德芙加油鸭！！ <･))))><锦鲤 ٩(๑ᵒ̴̶̷͈᷄ᗨᵒ̴̶̷͈᷅)و Leseverstehen: 5 Hörverstehen: 5 Schriftlicher Ausdruck: 5 Mündlicher Ausdruck: 5 嘿嘿嘿  ❤表白3:Hey,it's the last time to say goodbye to you. The fortuitous acquaintance ran out my whole strength and expectance. I'll always hope u to be kind and brave, decent and radiant. Here is a bouquet of verdurous lilac for u. ---Amaris  ❤表白4:想知道17汽车学院的何健清小姐姐有没有男票啊  ❤表白5:表白KaguraMea 一年走来几经波折，就算你已经39岁了，我也会一直支持你的！  ❤表白6:回复昨天表白五，小姐姐叫胡峰，vx：rongzhaiwubi  ❤表白7:回复昨天表白24：我也关注了南瓜！！她超可爱的！！不过我觉得这个你还是在b站问她有牌子的粉丝吧哈哈哈哈  ❤表白8:谢谢gh的朋友，有机会我要请你们喝奶茶😁  ❤表白9:你连说再见的机会都没给我  ❤表白10:海军军医大学wzr小姐姐，离开同济的第一天还是很想你  ❤表白11:Wangyue小姐姐，周五早上又遇到你了...开学。  ❤表白12:我假装我放下了，假装什么事都没有。只有我自己知道，我无时无刻不在想你。感觉已经被全世界抛弃了，缩在角落的时候，渴望你能背对着世界抱紧这样的我。终究是奢望。  ❤表白13:我假装我放下了，假装什么事都没有。只有我自己知道，我无时无刻不在想你。感觉已经被全世界抛弃了，缩在角落的时候，渴望你能背对着世界抱紧这样的我。终究是奢望。  ❤表白14:一瞬间我感觉拥有了一切，现在什么都没了  ❤表白15:同济再见了，这里留下的是我的青春啊！在这里生活的日子太美好了，我会封装好带着回忆回去的！感谢同济以及身边所以可爱的人，我的青春再见～  ❤表白16:表白嘉图三楼的一个小哥哥...个子高高的，戴眼镜  糟糕我也不知道怎么描述了...大概上周有过连续两天都看见，后面可能你考完试了，我被图书馆的空调冻坏了也没再去三楼...  希望下学期还能碰见呀  ❤表白17:to 七月三号表白7。丁康小哥哥没有对象哦，冲鸭加油哈哈哈哈哈哈  ❤表白18:表白姚晓秋同学，我有好多心事想和你聊，也有好多辛酸想和你说。  ❤表白19:表白姚晓秋同学，我有好多心事想和你聊，也有好多辛酸想和你说。  ❤表白20:嘉定有没有最近想打乒乓球的呀，男女不限，很多人都放假了，想找个人一起玩耍，可以的话加qq 2308764743  ❤表白21:暑假期间有同学约图书馆吗？考研的或者单纯不想回家想留校学习的都🉑️，想找一位热爱学习的小伙伴一起学习呀！企鹅：727675541  ❤表白22:表白周六中午十二点半第七排一起看蜘蛛侠的小姐姐，你穿着短裤，格子外套，黑色小包，看起来又帅有好看，不知道有没有男朋友。  ------------------------------------  发表表白、树洞等直接点击文章底部阅读原文  如果有什么紧急的事情找找小编，可以点击阅读原文到【  互动交流  】板块留言，小编会定时的查看你的留言消息  ------------------------------------  小编也很辛苦，能不能打赏一块钱，长按二维码直接打赏（凭自愿）  【同济微生活】  订阅  :  微信中搜索添加好友【  ""tongji006】  或长摁下面二维码直接关注  点击  “阅读原文”  发表表白、树洞等信息  ↓↓↓"
"2019","07/04","·﻿  ﻿  ﻿  ﻿﻿  击上面  ↑↑↑  蓝字订阅【同济微生活】  -----------------------------------  扫一扫下方二维码关注考研巴巴（KYBB00）,免费获取考研咨询和考研资料。  ❤表白1:我愿是树，如果你是树上的花 如果你是天空 我愿变成天上的月 不论圆缺 清晨的雾像天空的一道遮掩 你的名字比影子更为寂静  ❤表白2:嘉定有没有小姐姐一起学习或者出去玩鸭  ❤表白3:想找一个人 图书馆二楼 经常带着一个电脑 然后喜欢睡觉 戴眼镜 高高的 看着像研究生 有一点像韩国人的男生 这几天都有在图书馆见到 一般下午三四点就离开图书馆了  ❤表白4:图书馆七楼和三好坞经常遇到的16级同学，收了我的糖要回给我你的微信呀  ❤表白5:表白电路 爱你  ❤表白6:明天就可以出发去上海了！！！虽然北京和上海很远但是从现在就开始开心了！！！！同济我来了！！！！耶！  ❤表白7:表白最近经常在图书馆一楼新阅览室看到的一个酷酷的小哥！经常坐在170到180座位区间！枯燥的期末里经常能在图书馆见到你觉得很开心  祝你期末考取得好成绩！！(可以拥有你的微信吗  ❤表白8:回昨天表白5，想追我们系的大美人？那得先问问gh全球粉丝后援团【doge】  ❤表白9:回复表白10:物理学院张老师看表白墙的，你记得备注下自己的学号姓名  ❤表白10:希望你能看见！希望你能来找我！希望这学期还能有一件好事发生！  ❤表白11:表白15电科的丁安老师，我们41名同学永远爱您！  ❤表白12:回复7.3表白17 有好多zjy哦，具体是哪个呢，说不定有人认识啊，还有想去看就看啊  ❤表白13:表白一事无成庸庸碌碌的自己。尽管讨厌这样的自己，却既没有没有改变和克服的勇气，也没有放弃皮囊的胆量。多亏了这样的自己，使我还活在这人世间。  ❤表白14:表白一事无成庸庸碌碌的自己。尽管讨厌这样的自己，却既没有没有改变和克服的勇气，也没有放弃皮囊的胆量。多亏了这样的自己，使我还活在这人世间。  ❤表白15:所以说，怎么才能看表白墙呢……  ❤表白16:回表白3 放了自由就别天天点zan了吧[good]  ❤表白17:今晚是本学期留在学校的最后一晚了。有点学不进去。今天考试犯了低级错误。哎呀我其实还挺想找个人吐吐苦水的。但是又觉得老抓着考试这种东西传递负面情绪有点不太好。那就自我消化吧。为了渲染凄凉的气氛，一吐心中的郁气，果断地决定看虐片（没错明天要考试了我居然还在玩耍）。然后果不其然把自己看哭了[笑cry]突然发现自己也没那么惨嘛...  ❤表白18:今晚是本学期留在学校的最后一晚了。有点学不进去。今天考试犯了低级错误。哎呀我其实还挺想找个人吐吐苦水的。但是又觉得老抓着考试这种东西传递负面情绪有点不太好。那就自我消化吧。为了渲染凄凉的气氛，一吐心中的郁气，果断地决定看虐片（没错明天要考试了我居然还在玩耍）。然后果不其然把自己看哭了[笑cry]突然发现自己也没那么惨嘛...  ❤表白19:可以ball一下昨天英语笔译考试上北214从窗那边数坐第二排第四个的同学的联系方式么，一转头我真的呆了  ❤表白20:表白2017级测绘学院陆勤小哥哥  ❤表白21:机械的姚尚池  我想去拥抱你，即使山河阻拦，风雨交加路遥马远，我都可以跨越重重艰险去找到你。你知我从未惧怕奔赴，唯独你不爱我，会使我连迈起脚尖的勇气都没有。  ❤表白22:回复表白22：既然这么巧了，为什么不试试看呢？看表白墙都替你着急  ❤表白23:表白在图书馆里，没写完一行字就甩笔，或者用完改正带就甩在桌子上乓乓响的人，好像全世界就只有你在努力，别人都不用学习似的，请不要影响到别人好嘛，谢谢。  ❤表白24:坐标嘉定！室友常在宿舍念叨想要甜甜的恋爱！她是个可可爱爱的大二女生，有小哥哥可以满足她的小小愿望吗？请加微信wuli__juju  ❤表白25:想出一本九成新的《万古江河》（是珍藏版哦）和一本全新的《万历十五年》，选修历史课的时候买的，还很完整  ，有意向的小哥哥小姐姐可以加xielb12345这个微信联系，我在四平校区，可以免运费~  ❤表白26:嘉定最近有没有考完试想打乒乓球的人可以加qq 3536816823  ------------------------------------  发表表白、树洞等直接点击文章底部阅读原文  如果有什么紧急的事情找找小编，可以点击阅读原文到【  互动交流  】板块留言，小编会定时的查看你的留言消息  ------------------------------------  小编也很辛苦，能不能打赏一块钱，长按二维码直接打赏（凭自愿）  【同济微生活】  订阅  :  微信中搜索添加好友【  ""tongji006】  或长摁下面二维码直接关注  点击  “阅读原文”  发表表白、树洞等信息  ↓↓↓"
"2019","06/29","·﻿  ﻿  ﻿  ﻿﻿  击上面  ↑↑↑  蓝字订阅【同济微生活】  -----------------------------------  ❤表白1:毛钟祎我喜欢你！虽然你长得不好看，脾气也不好，我的朋友都和我说你的人品有问题，但我还是深深地爱上了你。我想和你在一起，我愿意接纳一切你的缺点，帮助你发觉自己的闪光点。  ❤表白2:我知道你不可能现在就喜欢我，我也没有。但我想去喜欢某个人，我想试着喜欢你。I want you to fill everything. 如果我打扰到你了，你要跟我讲。  ❤表白3:我发现我喜欢上你了，那个搞乐队的短头发小哥哥  ❤表白4:今天图书馆八楼有一个穿黄色衣服牛仔裤的女生，好漂亮呀，可以拥有你的微信嘛  ❤表白5:表白28号晚上9点以后进入图书馆一楼阅览室38/39号的那对小哥哥和小姐姐，图书馆还是保持安静比较好  ❤表白6:考试周在图书馆九楼总遇到一个可爱的小姐姐 希望她期末考得好一点哦  ❤表白7:让我们来一起pick肖战小哥哥，只要你看cql我们就是好朋友！  ❤表白8:在图书馆八楼最近经常看到一个短发的小姐姐，笑起来好可爱，认真学习的样子也很美，不知道可不可以拥有你的微信呢  ❤表白9:实在是忍不住了，实在是只能这样告诉你，517我喜欢你，抱歉可能给你带去的困扰，但在你搬嘉之前，我果然还是想说出来  ❤表白10:表白电信余坤小哥哥呢，小gg不愧为同济大学计算机的未来  ❤表白11:yyk，还记得我们三年前的约定吗，让我们一起进入同济实现吧  ❤表白12:你永远是我心里那道光，即便你的心不在我身上，我还是会在原地守护。我知道你很坚强，但哪一天感觉累了，你要知道你可以依靠我，只要你愿意，我就会成为你的归宿，你可以放心大胆追求自己的梦想，我会在你身后一直支持你。致我的艺术家Saya  ❤表白13:你永远是我心里那道光，即便你的心不在我身上，我还是会在原地守护。我知道你很坚强，但哪一天感觉累了，你要知道你可以依靠我，只要你愿意，我就会成为你的归宿，你可以放心大胆追求自己的梦想，我会在你身后一直支持你。致我的艺术家Saya  ❤表白14:今天毕业啦。再见啦。我真的很喜欢你呀。但是，再见啦。  ❤表白15:即将远航，望君珍重！  ❤表白16:牛萌萌喜欢什么样的女生呀，想表白，但是怕自己是他完全无感的女生——27号写的表白被吞了  ❤表白17:想告诉一个今天过生日的人 不主动是我对出场顺序的尊重 不拒绝是对我自己心的交代 祝顺遂安乐  ❤表白18:表白昨晚的20.刚刚一个特别美的靓女在我面前，我们相视了很久，谁都没有打破这份平静直到手累，我才慢慢放下了镜子  ❤表白19:我曾经喜欢了这里的一个男孩儿 我们现在分开了 但我依旧觉得他很好 他很优秀 又很善良 是我的整个青春 但是最后我们分开得很不体面 Lx 要是你看到了 请记得 我是因为你的美好爱上你 又因为你的冷漠离开了你 你曾经说你想给我一个安稳的未来 就算我要的不是那些 希望你下次遇见喜欢的人 就好好照顾她 没能给我的 都完整地留给她 我原谅你了 我们两不相欠 也不要再见面了 以前我的好与不好都请原谅  祝你幸福 真心地  ❤表白20:我曾经喜欢了这里的一个男孩儿 我们现在分开了 但我依旧觉得他很好 他很优秀 又很善良 是我的整个青春 但是最后我们分开得很不体面 Lx 要是你看到了 请记得 我是因为你的美好爱上你 又因为你的冷漠离开了你 你曾经说你想给我一个安稳的未来 就算我要的不是那些 希望你下次遇见喜欢的人 就好好照顾她 没能给我的 都完整地留给她 我原谅你了 我们两不相欠 也不要再见面了 以前我的好与不好都请原谅  祝你幸福 真心地  ❤表白21:思修考试北129坐17号的航系的w小姐姐能不能认识一下下呀。  ❤表白22:昨天20的那个别走啊！你简直太可爱辣  ❤表白23:请问一下环境王宁欣现在有女朋友吗  ❤表白24:表白18设创zxt，很喜欢你的画，也很喜欢你。  ❤表白25:表白四平，我不想走 我想和她一起再多待会儿，哪怕五分钟，聊聊闲天，做一个没有仪式的道别。以后相会，愿我们仍能微笑着和彼此打招呼，抑或是击个掌，给个拥抱。 在我眼里，你就是我的女神。有种懵懂又易于退步的纠结，使我始终没有那种勇气说出来。我该怎么办呢，好喜欢你啊。哎就这样吧，愿再有相逢之日，一起到129运动场跑个步，谈谈天。  ❤表白26:你已经快三天没来找我了。我知道你在复习，也不好意思去打扰你。可是我们说好了要做最好的朋友的呀，你忘了嘛。 你会不会就这样把我忘了呢💔  ❤表白27:今天1点的样子，在联合广场靠公路，都可往一点点那边走的路上一半，遇到一个穿黄衣服的小哥哥好好看，小哥哥没有打伞，有刘海。小哥哥是同济的吗。我能要你微信嘛  ❤表白28:我的妈呀，口腔大二的霍嘉星太帅了，有没有小兄弟告诉我他的微信！啊啊啊啊啊啊，我可以！  ------------------------------------  发表表白、树洞等直接点击文章底部阅读原文  如果有什么紧急的事情找找小编，可以点击阅读原文到【  互动交流  】板块留言，小编会定时的查看你的留言消息  ------------------------------------  小编也很辛苦，能不能打赏一块钱，长按二维码直接打赏（凭自愿）  【同济微生活】  订阅  :  微信中搜索添加好友【  ""tongji006】  或长摁下面二维码直接关注  点击  “阅读原文”  发表表白、树洞等信息  ↓↓↓"
"2019","06/28","·﻿  ﻿  ﻿  ﻿﻿  击上面  ↑↑↑  蓝字订阅【同济微生活】  -----------------------------------  ❤表白1:想要学号1852797的小姐姐的微信，你好可爱呀  ❤表白2:请问你是谁呀？  ❤表白3:图书馆看见你三天辽 高数考完咯 明天还会在🐴  ❤表白4:27号16:54进地铁五号口那个穿cyber黑衣白裙的女生好可爱啊  ❤表白5:想了想还是表白最近经常在图书馆一楼新阅览室看到的高个酷酷的小哥，对视的时候是心动的感觉  考试周因为你没有那么死亡绝望了，祝你期末考顺利！ btw不知你是否单身呢  ❤表白6:ljr昨天梦到我们在一起了，怎么办我还是好喜欢你  ❤表白7:考试周表白图书馆一见钟情的人好多  ❤表白8:结局是我们不在一个高数考场。  ❤表白9:王宁欣同学可以加一下微信吗👀 微信号:YXUNUOL  ❤表白10:有没有肖战粉丝想建个群讨论cql的，我最近一堆彩虹屁憋着难受，有姐妹的话请加我微信iiiivc  ❤表白11:2:30左右图书馆一楼194号的大叔，请你把鞋穿上。  ❤表白12:表白景观刘辰小哥哥呢，语文课上完了，不知道还能不能再见到你呢  ★❤表白13:一切都结束了 感谢经历 事实告诉我 永远不要陪一个男孩子长大  ★❤表白14:离开了奋战一学期的教室，里面的人也都走啦，不知道以后还能不能再看见他。觉得自己在教室度过了超级好的一学期，虽然只能远远看着他，但是觉得这种有距离的美很让人沉醉。虽然他不知道我是谁，下学期可能也不会凑到一个教室了，但祝你一切顺利，走自己想走的路吧！  ★❤表白15:18级xhb 说来奇怪，我和毫无关系的陌生人同桌吃过饭，拥挤的公交车上挨着坐，火车上睡在对方的上下铺或对面，一起在喜欢的歌手的演唱会上热泪盈眶。我那么喜欢你，却和你什么也没做。 你独独不该在我心上又退我千丈。 贺卿得高迁，卿当日胜贵，吾独向黄泉。 请原谅我对你的幻想是如此的沉重。 愿伉俪情深。  ★❤表白16:跟随自己的心去追逐那道光芒就好了，像小鹿在比特山上。 ​​​  ★❤表白17:四月般的你的目光，抚在我心上。从不失信的你的承诺，足以让我远渡重洋🌙。要幸福啊，有我的热爱、陪伴、理解和体谅～与你相恋粉粉的甜甜的，有点玛丽苏、有点灰姑娘，真的比梦还棒。。是奖励超级超级努力生活的你我吧！三个月前还说要一步一步一步一步靠近你呢，哈哈哈，原来你也在跑来见我呐，那么一起来跑人生马拉松吧～知道你什么都不缺，除了我辣！！（我是来还愿的，祝大家都收获甜甜的爱情o  ★❤表白18:毕业离开校园整整一年了，在临别的机场安检口塞给她的表白书也有一年了。最近朋友圈都是毕业的风景，不免有些触景生情。都说陪伴是长情的告白，毕业离校才敢鼓起勇气告诉她并不是一厢情愿。恍然之间不知不觉断了联系，现在又换了新的手机，连最后一句联系的微信消息都忘了。毕业认识了很多新朋友，很多时候依然会想起她，时光里的陪伴，依然怀念。  ★❤表白19:认识接近两年了，磕磕绊绊，有说有笑，一起走过。虽然我从未向你表白，但是你真的去过我的心里。有时候反复询问自己，青春是什么？青春无悔还是不留遗憾，都不知道！告诉自己应该放下你的时候，你却再一次来到我的心里。对不起，我只是一个爱吃醋的女孩，只喜欢对你无理取闹。单纯的孩子也许容易受伤，但也只有伤过才知道爱过吧。  ★❤表白20:刚刚一个特别帅的帅哥在我面前，我们相视了很久，谁都没有打破这份平静直到手累，我才慢慢放下了镜子  ★❤表白21:认识的一个小姐姐告诉我，她想做哆啦A梦的肚兜，因为她认识的那个男孩子喜欢哆啦，哆啦的百宝袋能给出想要的所有东西，天哪只有我被暖到了吗，而且说成肚兜好可爱啊  真心希望他们两个可以在一起吧，我只知道那个男孩子是这个学校的，希望他可以看到啊。以及希望我今年能被录到高工  。  ------------------------------------  发表表白、树洞等直接点击文章底部阅读原文  如果有什么紧急的事情找找小编，可以点击阅读原文到【  互动交流  】板块留言，小编会定时的查看你的留言消息  ------------------------------------  小编也很辛苦，能不能打赏一块钱，长按二维码直接打赏（凭自愿）  【同济微生活】  订阅  :  微信中搜索添加好友【  ""tongji006】  或长摁下面二维码直接关注  点击  “阅读原文”  发表表白、树洞等信息  ↓↓↓"
"2019","06/26","·﻿  ﻿  ﻿  ﻿﻿  击上面  ↑↑↑  蓝字订阅【同济微生活】  -----------------------------------  ❤表白1:土木系的严德裕，我喜欢你很久了，喜欢你带笑的眼睛，喜欢你纤长的手指，喜欢你微红的脸颊。我喜欢你开心的样子，更喜欢你。我想拥有它，也拥有你。你喜不喜欢我呢？可不可以当我男朋友呢？我的微信是isr19480514～  ❤表白2:表白我老公苟哥  我们说好的要一起去日本一次哦  ❤表白3:土木系的严德裕可以当我男朋友吗！？我喜欢你好久了，喜欢你带笑的眼睛，喜欢你纤长的手指，更喜欢你的人。你可以和我在一起吗？我的微信是isr19480514呀  ❤表白4:表白土木王雨涵小姐姐！发现我们好多课都是一节，经常能看到你很开心喔  是心动的感觉～  ❤表白5:牛萌萌没有男朋友，也没有女朋友，性取向正常未弯。  那个男女通吃的是xys，那个gay里gay气是sz 不是我→_→  ❤表白6:表白线代 爱你  ❤表白7:表白新生院 syz小姐姐  ❤表白8:最近你在忙着考试吧……微信微博都没什么互动，最近在图书馆也没有看到你，我也不知道我在以什么立场期盼和你偶遇，你是不会喜欢我的吧……  ❤表白9:考试加油  ❤表白10:从来不用qq的人会因为你的qq号而下载qq，一遍一遍看你的空间，每一条都会露出笑容，是恋爱挖掘机没错了。总会放下你的。毕竟应该不会再见。  ❤表白11:jimin会好好的啊！姐妹儿一起追防弹一起攒钱去见哥哥们啊！我团偏SUGA，咱们俩没有竞争😎  ❤表白12:牛萌萌没有npy呀，要是对他有意思的话就去表白试试叭[haha]  ❤表白13:说实话，我从没想到原来你是我在这个学校偶遇次数最多的人。不过，估计高数考场可能是我们最后一次见面了吧？考试加油！  ❤表白14:To zfy: 专一但卑微的一条舔狗（我），现已加入你的豪华鱼塘。  ❤表白15:To zfy: 专一但卑微的一条舔狗（我），现已加入你的豪华鱼塘。  ❤表白16:表白乐倩雯，期末加油!!不管你有没有喜欢的人，我想我都会一直默默地陪伴你  希望你早日看到我的真心  ★❤表白17:后来发现，原来人生有那么多不如意的事，那么多事情需要自己面对，才意识到曾经有你的陪伴是多么幸福f  ★❤表白18:我想推荐一首歌给一个宝藏男孩，张韶涵的《为爱而活》。我不知道你会不会明白这首歌是推荐给你的，但是我相信如果你愿意选择去听，你一定会明白这就是你的歌，属于你的歌。  ★❤表白19:喜欢ta就不要只在表白墙上表白了，直接面对面吧，你如果缺乏了这一点勇气，可能失去的就真的是一个对的人哦 希望每个人都有属于自己的勇敢和幸福，大不了可以笑着说再见嘛  ～～  ★❤表白20:嘿❀： 想象了很久的最后的告别没想到最后结束的这么快又仓促 想了想还是想来这里给我自己画一个句号 希望我们都毕业快乐 说不说得出口好像也不重要了 真心希望你一切都好 未来一切都顺利 一直坦荡一直温柔 以后碰到下雪天可能还是会想起你一小下 但是那天的雪好像是时候落下啦 拜拜 这次是真的拜拜啦👋🏻  ★❤表白21:跟随自己的心去追逐那道光芒就好了，像小鹿在比特山上。 ​​​  ------------------------------------  发表表白、树洞等直接点击文章底部阅读原文  如果有什么紧急的事情找找小编，可以点击阅读原文到【  互动交流  】板块留言，小编会定时的查看你的留言消息  ------------------------------------  小编也很辛苦，能不能打赏一块钱，长按二维码直接打赏（凭自愿）  【同济微生活】  订阅  :  微信中搜索添加好友【  ""tongji006】  或长摁下面二维码直接关注  点击  “阅读原文”  发表表白、树洞等信息  ↓↓↓"
"2019","06/25","·﻿  ﻿  ﻿  ﻿﻿  击上面  ↑↑↑  蓝字订阅【同济微生活】  -----------------------------------  ❤表白1:回复昨天表白16，居然在这里看到了好上头的姐妹（兄弟？，👼 👿 就是考试周最后的救赎！公款恋爱六千年不要太甜蜜！！！  ❤表白2:楼ch 无处不混乱 也无处不是你我  ❤表白3:表白大物 爱你  ❤表白4:喜欢你的没心没肺，但也不许讨厌我的婆婆妈妈  琪的第八天  ❤表白5:原来牛萌萌有npy啊！虽然很喜欢他，但是既然这样我也不去打扰了，祝他们幸福  ❤表白6:回复昨天表白12：是十楼，之后第二天还在一楼咖啡机又遇见的嘛？  ❤表白7:表白今天图书馆7楼的那个女生 从早上一直到晚上 从一桌只有我们两人到只剩我们两人 回想起没有后悔只有幸运 我想相信一次偶遇 却不敢问 想想等变更好 却又怕错过 在这里问你 是怕某夜想起 那一夜有没有说 6.24 （如果你要去嘉定并且没有男朋友还想得起我的话，可以戳我一下吗，祝你考试顺利）  ❤表白8:表白17土木顾锐杰，觉得你好可爱呀  ❤表白9:6月24日嘉定校区图书馆8楼弱电间附近和我在同一张桌子前复习的小姐姐，穿着白色条纹和黑色裙子的你为什么这么好看呀，今天没见到你，都无心复习了，一见钟情的感觉  ❤表白10:Wzp毕业快乐！第一次见你就觉得你不一样呀，优秀的大佬，立下一个flag 我会努力的！  ❤表白11:我的天！吹头发的时候看到旁边的一个同学，围着浴巾，身材很好，而且长得很像我喜欢的人！真的很感谢！感觉这就是缘分吧，不敢奢求要到他联系方式，只希望能够从他的身上看到另一个人的影子。谢谢你，也希望你一直好好的！ 感时花溅泪，恨别鸟惊心。  ❤表白12:回复表白26 我也喜欢达明一派!!!(不过我不是靓仔怎么破  )  ❤表白13:表白BTS的朴智旻，好爱好爱你，希望你永远健康快乐，一生顺遂，得愿所偿，不要再受伤了啊，正在攒钱去看你的路上~  ❤表白14:墙墙想问一下有没有参加过材料科学与工程学院研究生夏令营的学长学姐啊～想咨询一些问题 麻烦啦～  ❤表白15:表白今晚图书馆7楼从早学到晚的晚上吃了水果的女生，我是你旁边的旁边那个男生。不想今晚成为失眠夜，如果你没有男朋友还要去嘉定的话，可否戳我一下？ 6.24  ❤表白16:原来你叫cz啊😄 建院的  但我们隔的还是好远  ❤表白17:昨、昨天16和31？我是前天14，我现在觉得自己没啥文化，而且非常怀疑16认错人了´_>`  ❤表白18:我的羽毛球拍丢啦，看来真的是注定错过。本来想了很多话给你，总会写给你的，只不过不是现在。  ❤表白19:回复昨天表白12：7楼北，粉色戴尔  ❤表白20:有个黑人小哥周日常去十楼 早上见到我会和我说中文早上好 晚上离开还会说再见 给我期末复习和值班服务带来无比温暖和喜感。不知有无兴趣下学期一起学李挺老师的中国历史与文化（中外）看到请发邮箱1853758@tongji.edu.cn  ❤表白21:唐紫雯同学已经有男朋友了，不好意思哦～～  ❤表白22:又被爸妈担心。特发相亲贴，本人女，嘉定研一，长相不算很出众。男朋友只要成熟会关心人不要脸上有痘痘就好，身高170+。有意者加微信19946250463（备注表白墙），非诚勿扰。  ❤表白23:想出去一起做有意思的事的小姐姐加qq 3536816823  ❤表白24:95+，你真的很厉害呀，希望自己可以变得更优秀一点，这样就有主动的勇气  ------------------------------------  发表表白、树洞等直接点击文章底部阅读原文  如果有什么紧急的事情找找小编，可以点击阅读原文到【  互动交流  】板块留言，小编会定时的查看你的留言消息  ------------------------------------  小编也很辛苦，能不能打赏一块钱，长按二维码直接打赏（凭自愿）  【同济微生活】  订阅  :  微信中搜索添加好友【  ""tongji006】  或长摁下面二维码直接关注  点击  “阅读原文”  发表表白、树洞等信息  ↓↓↓"
"2019","06/24","·﻿  ﻿  ﻿  ﻿﻿  击上面  ↑↑↑  蓝字订阅【同济微生活】  -----------------------------------  ❤表白1:表白北苑的面，虽然一直都对你有不好的印象，但你真的很好吃～最关键的还是和我一起吃面的筱女孩  。  ❤表白2:表白北苑的面！面做错了什么它一直炒鸡好吃！！！不过不过，还是喜欢和我一起吃面的自家兽hhh  ❤表白3:周日上午10:30 北楼310考试高数坐第一个的小哥哥！  想认识一下！  ❤表白4:ball ball23号晚上图书馆八楼一个男生，大夏天的洗个澡吧，真的影响别人学习  ❤表白5:我们在一起的时间很短，但我知道我爱你。我总是想，如果没有这么多现实的阻碍就好了，但是我明知道有些事无法改变，我实在不能装作它们不存在。和你在一起的日子，都很耀眼。你应该会讨厌我吧，可我好想你。你说，林深时见鹿，海蓝时见鲸，梦醒时见你。可实际，林深时雾起，海蓝时浪涌，梦醒时也许未见鹿，未见鲸，也未见你。谢谢你，让我变成更好的自己，我爱你，可我没有勇气。  ❤表白6:我们在一起的时间很短，但我知道我爱你。我总是想，如果没有这么多现实的阻碍就好了，但是我明知道有些事无法改变，我实在不能装作它们不存在。和你在一起的日子，都很耀眼。你应该会讨厌我吧，可我好想你。你说，林深时见鹿，海蓝时见鲸，梦醒时见你。可实际，林深时雾起，海蓝时浪涌，梦醒时也许未见鹿，未见鲸，也未见你。谢谢你，让我变成更好的自己，我爱你，可我没有勇气。  ❤表白7:帮室友挂一条 靳康峰真帅  ❤表白8:Lx 祝你考试顺利 另 原谅我好吗？  你很好 不想和你错过  ❤表白9:表白丫丫曹承衍，历经阻碍，等神迹伴你归来！出道吧！我的小草啊！  ❤表白10:表白今天晚上在西北教超遇到的善良的小姐姐！！！超级暖心给我和前面的小哥哥留了门  啊感觉自己恋爱了！！！  ❤表白11:不知不觉都已经过去三年了，与你相识的那个冬天，那时候我经常穿的那间黑白呢子大衣，我们经常发的那些表情，我全都记得。三年前的圣诞节，一份圣诞礼物，拆礼物时候我惊喜又悲伤的复杂情绪，我全都记得。你已经陪我度过了三个生日了，19岁，20岁，21岁，我想，这大概就是一个女孩子一辈子最美，最好的三年了。三年以来，天各一方，相见的日子屈指可数，倒是想念这东西，多到挤满了我的身体。看到学校里情人相伴而行，我多希望你在我身边，我也无数次幻想你就出现在下一个转角。只有我自己知道，我有多喜欢你。  ❤表白12:回复昨天表白21：几楼呀？  ❤表白13:施宋烈，你的模样浮现于我清晨的包子的热气中，存在于密密麻麻的板书之中，隐藏午后两点令人昏昏欲睡的空气中，你的小眼睛，小嘴巴，小鼻子真好看……  ❤表白14:工科实验班的刘乔晖小哥哥笑起来真心像个水蜜桃一样甜～  ❤表白15:又被爸妈担心。特发相亲贴，本人女，嘉定研一，长相不算很出众。男朋友只要成熟会关心人不要脸上有痘痘就好，身高170+。有意者加微信19946250463（备注表白墙），非诚勿扰。  ❤表白16:回复昨天的表白14，你是我在这里的第二个故乡呢，你说我喜不喜欢你，哈哈，我有所念人，隔在远远乡，考试周加油鸭。  ❤表白17:回复周日表白9 小姐姐微信：Deepsea-899T  ❤表白18:真的好喜欢同济啊！喜欢走在校道上时清风吹拂的感觉！闲适自在  要是可以一直待在她这儿多好呀  ❤表白19:回复昨天表白10:我也爱打雷姐！！！！声线太美好aswl  ❤表白20:回表白1，推荐zella day和sophie zelmani  ❤表白21:我是前几天到同济参观的时候遇到的一个小哥哥，最后打听到他叫王瑾，希望这个小哥哥能每天开开心心快快乐乐，学业顺利啦！ [笑cry][笑cry] ----来自一个快要上大学的小可爱  ❤表白22:  我的来自别的学校德语文学专业的学生，想咨询研究生学长学姐有关中德学院的信息。希望有学长学姐能解答一下呀～微信号Seanyouandme先提前谢谢啦。  ❤表白23:回复昨天表白10: Give me five!  ❤表白24:6.23 晚上嘉图三楼那个左胳膊有个文身的小姐姐~想认识下你 本来打算走的时候要微信来着结果我学习太专注你已经走了哈哈哈哈，我是那个黑色短袖的，跟你隔一排座位  ❤表白25:不抱希望的问一下，有没有今年九月份研究生去MIT的？有的话可以一起呀，QQ：173869828  ❤表白26:既然可以寻找同好，那我在线征求一名喜欢达明一派的靓仔好了 同时喜欢雷霆佳佳或蕾哈娜女士者优先 如果你同时还喜欢60s/70s/80s/90s摇滚乐队（比如nirvana 齐柏林飞艇 模糊等）的话 I already love you,gurl  让我们一起做都市丽人  ❤表白27:表白经常在德文二楼学习的一个高高瘦瘦的小姐姐 不知道你有npy嘛  ❤表白28:喜欢下午四点在二号楼那些一个小红箱子，背着蓝色书包，背带衣服的小姐姐，好漂亮  ❤表白29:表白有竹居主人刘强！  ❤表白30:我要表白机组的张冬冬老师，简直是人有好看心底又善良，我以后的女神了，如果机组让我过了，我爱她一辈子❤❤❤❤❤❤  ❤表白31:回复昨天的表白14： 梨花珊珊落雨痕，朔风伊然拂己身。 莫道相逢终相别，燃尽风雪见来人。  ❤表白32:表白经常坐在八楼南边一进门的一个两人桌的小姐姐，短头发，周三穿v领白色短袖，小姐姐笑起来好甜。希望你天天开心，祝期末考试加油  ❤表白33:嘉定图书馆七楼穿紫色衣服戴口罩的小姐姐可以认识一下吗  ------------------------------------  发表表白、树洞等直接点击文章底部阅读原文  如果有什么紧急的事情找找小编，可以点击阅读原文到【  互动交流  】板块留言，小编会定时的查看你的留言消息  ------------------------------------  小编也很辛苦，能不能打赏一块钱，长按二维码直接打赏（凭自愿）  【同济微生活】  订阅  :  微信中搜索添加好友【  ""tongji006】  或长摁下面二维码直接关注  点击  “阅读原文”  发表表白、树洞等信息  ↓↓↓"
"2019","06/23","·﻿  ﻿  ﻿  ﻿﻿  击上面  ↑↑↑  蓝字订阅【同济微生活】  -----------------------------------  ❤表白1:我昨天表白Billie失败了  再次表白神仙女子爱她 另外求推荐类似Billie那种神仙嗓音的歌  ❤表白2:想问18环境王宁欣小哥哥有没有npy  ❤表白3:前两天买苹果被骗了。卖主说他的苹果特别甜，让我吃，我吃了一口才想起来，还是wj最甜。  ❤表白4:前两天买苹果被骗了。卖主说他的苹果特别甜，让我吃，我吃了一口才想起来，还是wj最甜。  ❤表白5:表白环境学院的王瑾小哥哥！希望每天都能见到哥哥惊人的美貌！！  ❤表白6:包怡芸明天考试加油！幸运会降临在你这个小天使身上  ❤表白7:表白yza,期末要继续努力  ❤表白8:施宋烈，我喜欢你，看到你我就小鹿乱撞  ❤表白9:表白唐紫雯同学  在路上又见到你辽今天，不知道同学可不可以认识一下哇  ❤表白10:回复昨天表白2: 懒懒的女声当然要听Lana Del Rey啊！我打雷姐的声线真的是神仙！！！  ❤表白11:呜呜呜握手我也爱Billie  安利Fleurie小姐姐也超棒der！！！  ❤表白12:时隔一年，我这样的心情还是没有消失。明天是高考出成绩的日子，一年前，志愿给我们相遇的机会，你的好我都记在心里，18软件ykn小哥哥，我喜欢你  ❤表白13:时隔一年，我这样的心情还是没有消失。明天是高考出成绩的日子，一年前，志愿给我们相遇的机会，你的好我都记在心里，18软件ykn小哥哥，我喜欢你  ❤表白14:很多很多天不见你，想给你发消息又太突然。是我贸然开了个头，可我真的不知道怎么继续下去。我努力过了，你也试试好吗？但凡你有一点兴趣的话。我很重视自己来之不易的心动，并且努力想让它维持久一点。我们至今为止都是陌生人。我大概是个奇怪的、不被记住的陌生人。西北五的李同学啊...虽然你大概都不会看表白墙吧。  ❤表白15:回复22号表白8，好羡慕你啊可以去现场，我就没抢到票。真的好想听人讲讲现场看vae有多棒啊，更想明年我有空全力抢票时有人陪我一起。  ❤表白16:表白《好兆头》啊！！！已经疯狂上头两周了，我永远喜欢👼🏻😈cp，我死了  ❤表白17:表白郑涵文小姐姐！！！郑涵文小姐姐🐮 啤！郑涵文皮囊好看灵魂有趣！郑涵文期末冲鸭！我会一直默默爱你的  ❤表白18: 千与千寻 你后面  ❤表白19:愿你纵横驰骋，愿，再勿相逢。两年了你还是我日记里的主角。最近看《暗恋橘生淮南》，似乎那里全是你的影子……w,我决定不再南行了，你是我记住的风景，那样美好，却终究与我无关。我曾经拿起一腔孤勇迎接你，而你只说一句：谢谢。  ❤表白20:小艾 期末加油  ❤表白21:连着两天在图书馆遇见同一个小姐姐，你不认识我，我不认识你，以前从不相信一见钟情，现在信了！那就祝你考试顺利吧[good]  ❤表白22:周四墙上 表白4 岳晓青线代课总是坐最后一排的女生你在哪啊  ❤表白23:求问！！18环境王宁欣小哥哥有没有npy！这学期同一节高数课好开心！希望下学期还能有同一节课  ❤表白24:又被爸妈担心。特发相亲贴，本人女，嘉定研一，长相不算很出众。男朋友只要成熟会关心人不要脸上有痘痘就好，身高178+。有意者加微信19946250463（备注表白墙），非诚勿扰。  ❤表白25:表白图书馆穿黑白横条纹，白鞋的小哥哥  已经碰到你好多次啦！认真学习的样子真吸引人（＾∇＾）  ------------------------------------  发表表白、树洞等直接点击文章底部阅读原文  如果有什么紧急的事情找找小编，可以点击阅读原文到【  互动交流  】板块留言，小编会定时的查看你的留言消息  ------------------------------------  小编也很辛苦，能不能打赏一块钱，长按二维码直接打赏（凭自愿）  【同济微生活】  订阅  :  微信中搜索添加好友【  ""tongji006】  或长摁下面二维码直接关注  点击  “阅读原文”  发表表白、树洞等信息  ↓↓↓"
"2019","06/22","·﻿  ﻿  ﻿  ﻿﻿  击上面  ↑↑↑  蓝字订阅【同济微生活】  -----------------------------------  ❤表白1:谈恋爱快乐吗  ❤表白2:【同好】求那种懒懒的女声英文歌推荐  就是那种像是billie那样的神仙声音那种 歌荒中(即使到了考试周也假装不慌  )  ❤表白3:🐴 呀忍不住我要表白Billie听的越多越发现是宝藏女孩啊 别人的17岁系列  ❤表白4:教学周结束了，只有考试的时候才能见到政姬了，希望她每科都可以复习得很好，考得很好  ❤表白5:很多天没和你说话了 无非就是想保护一下自己卑微的自尊心 但一想到你的时候 内心是欢喜的  ❤表白6:很多天没和你说话了 无非就是想保护一下自己卑微的自尊心 但一想到你的时候 内心是欢喜的  ❤表白7:表白住西北三的杨xk同学(*'▽'*)♪……能求个联系方式吗【卑微】  ❤表白8:表白许嵩！许甜甜呀！今天将度过一个非常美妙的夜晚  爱了你这么多年，头一次为一个人这么疯狂，感谢我的生命中有你  “也许这就是宿命，我听见了这样的你～” “不论经历再大暴风雨，我会永远坚定陪着你～” “等到秋叶终于金黄，等到华发悄然苍苍，我们相约老地方～” 音乐纯粹，爱V绝对！我永远爱你/:lvu  小八快出来吧，期待我们的下一次相遇  ❤表白9:不知道18表演系的邓朗哲小哥哥有没有npy呀  如果没有的话可不可以认识一下呢？  ❤表白10:啊周五公司法那个写板书的小哥哥好可爱好帅  声音好好听  虽然很想问一下小哥哥有没有npy但我自己长得不好看就这里表白一下小哥哥吧  ❤表白11:回复表白7，我是她爸爸，她还没npy，欢迎来撩  ❤表白12:表白软件学院的陈淇格小姐姐，经常在图书馆一楼见到你，每一次都是心动的感觉，不知道你有没有男朋友。  ❤表白13:嘉定有没有可爱漂亮的小姐姐愿意认识一下呀  ❤表白14:回复前天表白19，虽然我不知道谁是陈晔，但是小姐姐没有男朋友可以认识一下，嘻嘻  ❤表白15:张航我爱你，我永远爱你。 我是你远方的朋友，你的挚友，你的新亲人。  ❤表白16:啊，昨天的19号表白写错了，不好意思  ，不是20号晚上，是19号晚上图书馆南七楼，粉裤子白衣服，用黑色的惠普  ，小姐姐有没有npy啊，能不能认识下啊  ❤表白17:表白周五晚上图书馆二楼坐我旁边的小姐姐，第一次写表白帖诶好紧张，偷偷看了眼名字，好像是化院的cj小姐姐，实在没敢要微信，不知道小姐姐有对象没。  ❤表白18:亲爱的航： 和你相别百日， 每一天我都在用相思泪洗面。 忘不了与你共同下棋， 我用棋子为你摆出一个心形； 与你打乒乓球， 挥拍时用球把爱意传递； 与你一同骑车， 天上的鸟儿都在为我们的爱情歌唱。 多想回到那时， 拉着你的手， 和你天天腻在一起。  ❤表白19:最后一秒也没有勇气要你的微信号，坐在嘉定图书馆九楼我右边穿蓝色短袖的小姐姐，真的是太喜欢了，可惜我赶到电梯的时候你已经下去了  假如你能看到，能留个联系方式吗  6.21晚  ❤表白20:李伦仅我和你讲哦 你再这样我就直接飞去上海抱你了  ❤表白21:表白软院zz同学，真的好靓仔哦  ❤表白22:回表白12:唉。不知道是不是同一个人，她真的让人放不下  ------------------------------------  发表表白、树洞等直接点击文章底部阅读原文  如果有什么紧急的事情找找小编，可以点击阅读原文到【  互动交流  】板块留言，小编会定时的查看你的留言消息  ------------------------------------  小编也很辛苦，能不能打赏一块钱，长按二维码直接打赏（凭自愿）  【同济微生活】  订阅  :  微信中搜索添加好友【  ""tongji006】  或长摁下面二维码直接关注  点击  “阅读原文”  发表表白、树洞等信息  ↓↓↓"
"2019","06/21","·﻿  ﻿  ﻿  ﻿﻿  击上面  ↑↑↑  蓝字订阅【同济微生活】  -----------------------------------  ❤表白1:表白lxl  ❤表白2:表白ky小哥哥，小哥哥真是个厉害的人呢，期待与你的下次酒店之旅！  ❤表白3:原来无论我多用力的藏起自己的感情，我还是爱你，还是爱你，还是爱你，还是爱你，后会有期。  ❤表白4:表白周四晚四平图书馆九楼穿紫色连帽衫的女孩。如果复习的有情绪了，请出去发泄好吗？图书馆是公共场所，您一直在那儿很烦躁地大声翻书，扔笔，恨不得把桌子掀翻是想给谁看呢？周围的同学要不要复习呢？有点素质行吗？  ❤表白5:感谢6.20下午5点左右南楼312为我看包的那位小姐姐！发及肩，瓜子脸，特别可爱。中途因为有事离开，小姐姐特意帮我带上教室门，还留了一张小纸条作说明，让我不必担心  纸条应该是从书的扉页撕下来的，还有lnx的计算题哈哈哈哈  给你打call，祝期末满绩！  ❤表白6:昨天的表白24:我是hzh，不知道是不是你以为的那个，想认识一下吗  ❤表白7:想问问临床 张y玲 小朋友有没有男朋友，感觉你每天很忙的样子。  ❤表白8:昨天最后一条表白刘辰的！我也觉得他好帅！  ❤表白9:李振宇！四与六的距离很远 但我直到半个月前才发现自己心里一直是你 是路口的距离啊呜呜呜呜  ❤表白10:回复表白19.谢谢你的提醒，不过我还不认识你，你要是认真的可以先认识一下  ❤表白11:回复表白19.qq3536816823  ❤表白12:SS小仙女，喜欢了你很久，终于还是决定放弃喽。不知道你会不会看到这个表白，总之考试周加油喽。  ❤表白13:想认识昨天（周四）晚上5:10左右从图书馆南门出来，遇见一个没带伞的高高帅帅的男孩子，就顺路打伞送他去了学苑，然后你就说回饭后寝室啦~  觉得你好温柔呀，可以认识你一下吗？(*/ω＼*)  ❤表白14:表白2018级新能源材料与器件班那位温柔可爱还粉嫩，家务跳舞很全能的小哥哥cdt，能在大学里认识你真的好幸运呢!  ❤表白15:回昨天13，你这13还挺跩的呢  俺开个玩笑就直接act3  我啐你一下是不是要上门把我欧拉一顿啊？  年轻人脾气很大呢  咱也不怂着，加我微信直接对线好不好  wx：uoykcuf83，本肥仔不怂  ❤表白16:表白交运王泽众，希望能带带我学结力  ❤表白17:不好意思我就是那个很喜欢jojo的小姐姐，我整天跟舍友安利jojo和茸茸，随口说想认识其他jo厨男生就被舍友偷偷发表白墙了～  大家都很喜欢这部作品的不要为了我吵架呀  ❤表白18:回复昨天表白12：那个是故意写错的，不然要怎么分辨出你是不是真的JO厨咧？  ❤表白19:20号晚上在图书馆南七楼有一个坐了一晚上的小女生，坐在进门处，穿一个粉色裤子，白色的上衣，用一个黑色的惠普（好像是），有点想认识一下，感觉有点心动  ，不知道有没有npy  ❤表白20:谢谢你那天给我递筷子，从那天开始好像觉得一个人去食堂吃饭也不是一件孤独的事了，谢谢你。  ❤表白21:老娘还真就在这里表白了！！！XXX老子喜欢你！你给个机会主动找我聊一次好不好啊！我虽然伶牙俐齿结果碰到你就嘴笨只会尬聊啊！但我是真情实感的在用力尬聊啊！或许你是 gay也可以直接和我说啊…我也一直很支持🏳️‍🌈啊…当然就从迎男而上变成知男而退了…不也很干脆吗！  ❤表白22:你是不是心里有喜欢的人啊…那干嘛还要加我好友啊…  ❤表白23:我真的很喜欢你…可是自从喜欢上你之后似乎倒霉事一件接着一件  ❤表白24:表白孙春芳老师，上过他的课的都懂！  ------------------------------------  发表表白、树洞等直接点击文章底部阅读原文  如果有什么紧急的事情找找小编，可以点击阅读原文到【  互动交流  】板块留言，小编会定时的查看你的留言消息  ------------------------------------  小编也很辛苦，能不能打赏一块钱，长按二维码直接打赏（凭自愿）  【同济微生活】  订阅  :  微信中搜索添加好友【  ""tongji006】  或长摁下面二维码直接关注  点击  “阅读原文”  发表表白、树洞等信息  ↓↓↓"
"2019","06/20","·﻿  ﻿  ﻿  ﻿﻿  击上面  ↑↑↑  蓝字订阅【同济微生活】  -----------------------------------  ❤表白1:表白新生院的杨HR同学，小哥哥帅帅的啦，感觉好可爱。可以认识一下嘛  ❤表白2:表白交运yza，考试周加油  ❤表白3:今天下午图书馆8楼北背深绿包包穿牛仔裤的女生，长得好清秀，一直盯着你看，书一点都看不进去，三点多你走了追出去把同济逛了一遍也没找到。想一起自习。可以的话明天还去8楼北好不好??！  ❤表白4:想认识一下岳晓青的线代课总是做北边最后一排的女生，今天周三穿的黑T恤，牛仔外套。虽然蹭了最后一节线代，我还是错过了你，连名字都没有问出来。如果你看到这里，可以认识一下吗？手机19946255717(我们周一下午图书馆一楼见过面，你坐在门口看小说，没敢打扰你)  ❤表白5:（我猜你也不会看）表白考试周要预习八门课的我自己。觉得自己还是挺有出息的嘛，能忍住一个多月不找你。也祝你期末顺利！  ❤表白6:表白有竹居主人 化人在化心  ❤表白7:表白同济！感谢同济这四年里提供的一切，要走了，真的舍不得  ❤表白8:表白昨天的表白8:你个jojo假粉丝还来钓jo厨，jojo目前只有五部动画。还想骗我们。  ❤表白9:回复昨天表白20，不好意思打错了!小姐姐微信wolf8012!请————  ❤表白10:求一个小哥哥小姐姐帮忙复习物理和理力，请吃饭喝奶茶都行  ❤表白11:表白18级新能源专业的yxl同学！她好可爱！可是下学期要去嘉定了，我好难过。但是不敢说出心意  ❤表白12:回复昨天表白8：恁发了两天了还是有6部动画，恁数数的时候是跳过4的🐴？留的微信号又是个空号。我真想叫出我的替身ACT3来说几句话  ❤表白13:一天看完JOJO八部漫画五部动画的憨批，想表示诚意可以当面表示，别拿我乔鲁诺乔巴拿开玩笑，OK？  ❤表白14:我非常非常认真的喜欢你...你也没有拒绝也没有表现的非常热情...我很害怕，这是我最紧张的时候，我意识到你也很紧张不敢和我特别亲近，尤其是见面的时候...我们怎么能更进一步呢  我什么时候表白你能接受呢  ❤表白15:至爱我的艺术家Sayyare  ❤表白16:陈晔小姐姐有男朋友了～就是我  ❤表白17:今天大脑的奥秘左手一列第一排最右边的小姐姐好好看，想认识一下！  ❤表白18:那位表白陈晔小姐姐的童鞋，她有男朋友了喔，不太方便给你联系方式啦  ❤表白19:那个表白陈晔小姐姐的童鞋，陈晔小姐姐有男朋友了喔，她朋友我还没有，可以考虑一下，哈哈哈哈哈哈  ❤表白20:英语课结课了，再也不能隔着很多人偷看你了。对你挺有好感的，但不确定是不是喜欢。我们之间有太多距离了吧。太多的事让我变得很胆怯，不敢主动，以后有缘再见吧。或许你应该看不到这一条，你也应该猜不出是我。  ❤表白21:王欣老师周三晚上南楼西方经济学课的zhaoruiyi小姐姐很好看呀 想知道联系方式  有人可以告诉我嘛 （一次点名听到的名字  ❤表白22:喂喂，JO6团灭那个剧透了吧hhh 既然JOJO交友可以那fgo交友应该也可以…？国服iOS求带100,121,408,811～一起来拯救人理吧少年！  ❤表白23:于哭哭，今天来的是黄哭哭哦，手牵手一起走  ❤表白24:昨天的表白12于哭哭？想知道是不是我以为的那个  ❤表白25:@土木院赵天浩 你的另一半一定会在不远处等你 🎉 🎉 🎉  ❤表白26:喜欢今天中午12点在汽车城地铁站候车室里穿紫色上衣，牛仔裤，粉色运动鞋，戴耳机的小姐姐，短发看起来超好看的  ❤表白27:表白景观的刘辰小哥哥，语文课第二次演讲讲他们班的建造节方案～感觉方案好棒！小哥哥好帅！  ------------------------------------  发表表白、树洞等直接点击文章底部阅读原文  如果有什么紧急的事情找找小编，可以点击阅读原文到【  互动交流  】板块留言，小编会定时的查看你的留言消息  ------------------------------------  小编也很辛苦，能不能打赏一块钱，长按二维码直接打赏（凭自愿）  【同济微生活】  订阅  :  微信中搜索添加好友【  ""tongji006】  或长摁下面二维码直接关注  点击  “阅读原文”  发表表白、树洞等信息  ↓↓↓"
"2019","06/19","·﻿  ﻿  ﻿  ﻿﻿  击上面  ↑↑↑  蓝字订阅【同济微生活】  -----------------------------------  ❤表白1:表白金融系的小可爱zsj～你可能已经猜到我是谁啦。不知道你会不会反感我这样做，但我只是想告诉你，我真的好喜欢你好喜欢你好想给你抱抱～喜欢你的笑，你的温柔，你的淡定和自信，你偶尔的霸气，你永远讲道理；也喜欢你的小脾气，小别扭。我现在在学心理学，学如何与人相处，也在变漂亮，变温柔。以前我很任性很幼稚，总是惹你生气，总是让你没面子，总是让你没有安全感，总是等你走向我。我以后，绝对不会了！！我会成为一个温柔体贴的人，成为一个可以让你骄傲和喜欢的人～最后一句话：我连今天喝的奶茶有几颗珍珠都想告诉你～  ❤表白2:好希望每天都能见到dlc哦  ❤表白3:回复昨天表白13：JOJO哪有6部动画，还没团灭嘞  ❤表白4:是周一的选修心理课哦，能不能告诉我你叫啥呀  ❤表白5:回复昨天13 理论上来说打到181了 也看过1-6jojo 也看过sbr 也看过jojolion呢 可是你的微信号不存在啊 留下我的id MockingDeed  ❤表白6:喜欢电子与信息工程学院的陈晔小姐姐，不知道她有没有男朋友，有没有好心人有她的联系方式。  ❤表白7:有人有合同法课上陈晔小姐姐的联系方式嘛，超级喜欢她，是心动的感觉。  ❤表白8:问一下学校有无1.80m以上，看JOJO的小哥哥呀（至少看过1-6部动画，看过漫画更好，喜欢茸茸的最佳），请加一下微信：wolf8012，小姐姐超可爱的呢  昨天发错了…  ❤表白9:18环工的zhk小哥哥好好看哇  ❤表白10:继续表白在同济读书的海医大小哥哥刘俊斌！！！太真诚太善良了！！啊啊啊啊啊啊啊啊啊啊啊（我现在已经想不起其他任何形容词了啊啊啊！等我想到了再补充啊啊啊！我已经是个文盲了啊啊啊！）想问小哥哥是solo吗？  ❤表白11:？你是不是每天都会看表白墙啊？如果是的话请让我知道  ❤表白12:于哭哭，黄笑笑来啦  ❤表白13:有没有哪个小哥哥小姐姐能教教小菜鸡线代高数c++吖，吃的绝对少不了吖！好心的人儿走过路过帮帮窝(可加QQ3077688854)  在此谢过啦  ❤表白14:我要表白万芯炜学长，他现在在德国还没回来，大概九月份回来吧。我等你呀，爱你呀  ❤表白15:好吧我憋不住了我必须要大叫！我好喜欢你啊！！！！！！可是我怎么才能去接近你啊！！！！！  ❤表白16:你到底是有什么魔力啊！！！我一个人偷偷心心念念三个月  ❤表白17:我佛了！再来！努努力看看你能不能看到！！！！我暴风表白！！！！  ❤表白18:………喜欢的小哥哥是桃花眼说话又很会撩的感觉  不会是老手吧  那我们来…比试比试？  ❤表白19:回表白邢泽钰的妹子，我是他爸爸，这是我微博：未名的鼓手。可以点击我的头像快速了解邢泽钰。性感学长，在线陪聊。  ❤表白20:昨天表白13说找看jojo男生的女生给俺出来，俺看到后就一天把jojo八部漫画和五部动画什么金茸茸银茸茸都看了，微信号居然是假的，俺哭得像个三百斤肥仔你造不！！！  ❤表白21:前天表白4：未名的鼓手 去吧孩子  ❤表白22:回复16 你不会  ❤表白23:只因为你某一次突然出现在图书馆的一角，成了我每次路过都要投射目光的地方，但你再也没有出现过。今晚在图书馆的偶遇，希望你也能知道我在关注你  ❤表白24:我只不过交个朋友，又不是追人，干什么要受这委屈？我还奇了怪了。  ❤表白25:有一个交运的女孩，她很美丽。在本溪路191号遇见，走散在进入校园的刹那。如果那个女孩有看见，希望能认识你。  ❤表白26:表白物理学院李海波学长!  又高又帅，好喜欢。不知道有没有npy了  ❤表白27:回复昨天表白24：哈哈哈哈哈哈兄dei你扯到“魔术”就暴露了哦，是小哥哥吧？敢问兄台尊姓大名！  ❤表白28:求一个python大佬，画几考完帮帮复习python  ，给买奶茶小哥哥小姐姐都行，  ❤表白29:  别的我不知道，我就知道某人喜欢xyj，哈哈哈哈哈哈！她知道我给她曝光了可别杀了我…  ------------------------------------  发表表白、树洞等直接点击文章底部阅读原文  如果有什么紧急的事情找找小编，可以点击阅读原文到【  互动交流  】板块留言，小编会定时的查看你的留言消息  ------------------------------------  小编也很辛苦，能不能打赏一块钱，长按二维码直接打赏（凭自愿）  【同济微生活】  订阅  :  微信中搜索添加好友【  ""tongji006】  或长摁下面二维码直接关注  点击  “阅读原文”  发表表白、树洞等信息  ↓↓↓"
"2019","06/18","·﻿  ﻿  ﻿  ﻿﻿  击上面  ↑↑↑  蓝字订阅【同济微生活】  -----------------------------------  ❤表白1:期末为了督促自制力很差的自己，找个人每天一起去图书馆(加我qq小号919867539  ❤表白2:下午选修心理课后留下来的女生好好看  ❤表白3:表白合同法课上的陈晔同学，小姐姐好漂亮，不知道有没有男朋友  ❤表白4:顺便求电气学院陈晔小姐姐的联系方式  ❤表白5:表白今天在西苑看到的一个小姐姐，气质超好！！穿了一条类似于和服的红底白花的裙子还有一条蓝色腰带，有点复古，小姐姐侧边头发编了辫子，总之美就对了，好像我们还对视了？想认识  有知道的朋友吗  ❤表白6:回表白1:嗯，我不喜欢，就到此为止吧。  ❤表白7:继续求上周三下午5点左右在学苑吃饭的小姐姐的联系方式！💓💓💓粉色头发！戴黑色口罩😷！超级帅的！粉色t恤！希望这周三还能碰见😁  ❤表白8:二军大的ljb小哥哥 太善良太真诚了！！！啊啊啊啊啊啊啊啊啊啊啊啊啊啊啊啊啊啊啊！！！（不求上头条 能让他看到就行）  ❤表白9:明明第二天就要考试了，我的心思却全在坐在我旁边的你身上。然而你不知道呢，不知道今天的你有多美呢。  ❤表白10:最后一次课还是错过了，那就怪我答卷太慢吧。 还是很喜欢你呀，毕竟你那么特别，那么可爱。（尤其是那个视频）（不要打我：p） 要去嘉定啦，可能不会再见到你了。我也不知道自己给你留下了什么印象，但，你的的确确是我大学里印象最深刻的女孩子，那天晚上你看书的样子恬静又美好，应该会成为我在四平最深刻的记忆吧。 再忙也别太累啦，拜拜，WXR 。  ❤表白11:再一次表白电气学院陈晔小姐姐，小姐姐好漂亮，有人有小姐姐的联系方式嘛  ❤表白12:保佑我下周的夏令营顺顺利利，平稳发挥，拿到offer！！！  ❤表白13:问一下学校有无1.80m以上，看JOJO的小哥哥呀（至少看过1-6部动画，看过漫画更好，喜欢茸茸的最佳  ），请加一下微信：wolf8102，小姐姐超可爱的呢  ❤表白14:在这里问一下18级工科试验班什么时候放假？喜欢的男生在同济的工试，准备放假再找他聊天嘻嘻嘻，怕太早了他们还在考试周会打扰到他。拜托了  ❤表白15:我又来喽，有人认识吴煜梵小姐姐嘛，可以的可以推一下QQ嘛  ❤表白16:四川地震，你会去找她吗？  ❤表白17:我永远都是你的小朋友，但你不会牵我的手了。  ❤表白18:表白汽车学院杨士玄学长，代表整个宿舍比心❤️  ❤表白19:哥哥对不起，可是和你在一起好累啊，有好多个凌晨难过的咬着被子哭。 你还是很可爱，我还是喜欢你 可是宝宝，夏天结束了 所以我去喜欢别的人啦  ❤表白20:非常不安，表白我团，到未来也一定要是五个人，不能多不能少，如果实装新人或者拆团我当场删游戏  ❤表白21:表白人文陈延英小姐姐  是心动的感觉  ❤表白22:最真挚的心动，最动容的喜欢，都是藏在心底，在毛毛雨中，被一点点地窥探，在抬头遇见的一瞬间紧张和难过，夏天的雨，是最可恶的偷心贼，因为知道我们之间不可能，所以，把爱恋藏在心底，任由其发酵成百味杂陈的酒，最后，当这段时光结束时，将这杯酒，敬往昔，敬未来，一滴不留。 ——致那位我连姓名专业都不知晓的少年  ❤表白23:最真挚的心动，最动容的喜欢，都是藏在心底，在毛毛雨中，被一点点地窥探，在抬头遇见的一瞬间紧张和难过，夏天的雨，是最可恶的偷心贼，因为知道我们之间不可能，所以，把爱恋藏在心底，任由其发酵成百味杂陈的酒，最后，当这段时光结束时，将这杯酒，敬往昔，敬未来，一滴不留。 ——致那位我连姓名专业都不知晓的少年  ❤表白24:瞿靖东小哥哥，你变魔术的样子好帅气呀，不知道你有心上人了吗，啊啊啊好羞耻啊！  ❤表白25:10号楼五楼抽烟的同学，请你不要再在宿舍楼里抽烟了。前几天有宿舍着火和你抽烟是否有关我不敢确定，但是你在厕所抽烟排气扇打开整个楼层的厕所里都会闻得到，如果再闻到烟味我会直接叫阿姨找你，请你尊重宿舍的共同居住环境，尊重大家的安全。  ❤表白26:好巧诶，中午在食堂见到你，还以为最后一节课结束了就再也没有见面的机会了，希望小学期还可以再见到你  ❤表白27:表白交规yza，今天也要继续加油哦  ------------------------------------  发表表白、树洞等直接点击文章底部阅读原文  如果有什么紧急的事情找找小编，可以点击阅读原文到【  互动交流  】板块留言，小编会定时的查看你的留言消息  ------------------------------------  小编也很辛苦，能不能打赏一块钱，长按二维码直接打赏（凭自愿）  【同济微生活】  订阅  :  微信中搜索添加好友【  ""tongji006】  或长摁下面二维码直接关注  点击  “阅读原文”  发表表白、树洞等信息  ↓↓↓"
"2019","06/17","·﻿  ﻿  ﻿  ﻿﻿  击上面  ↑↑↑  蓝字订阅【同济微生活】  -----------------------------------  ❤表白1:我有点累了 能不能有个攻略进度条啊 明明开始时候还是有很多共同话题的 为什么最近聊得越来越冷了呢 真的厌倦了我说一大堆然后等个半天得到你回的几个语气词了 不喜欢就趁早说好吗  ❤表白2:表白交运yza，期末加油  ❤表白3:最后一周了，下学期不知道还能不能见到，本学期最后一次表白陈阳敏，期末加油！  ❤表白4:我想找一下上周五 邢泽钰学长的爸爸 和爷爷 的联系方式 微博吧 微信怕被发现 哈哈哈哈哈哈 谢谢学长们啦 还有 同样喜欢邢泽钰学长的小姐妹祝你找到男朋友哦 （除了邢泽钰😁 ）  ❤表白5:回昨天表白4：就是那个在小亭门口穿牛仔裤的那个小哥哥啦 我觉得他有一点点像刘昊然  我已经找我同学要到联系方式啦 谢谢你  ❤表白6:杨柳依依 细雨绵绵 阿卓 你可知 我的思念如缕 不断不绝 阴天 想你 晴天 想你 日出日落 每一刻都在想你 虽身处远方 我却时刻心系于你 愿你长安 永远爱你  ❤表白7:表白周六下午六点左右，往校门方向走的，穿红鞋子吊带裙的粉头发小姐姐，不知道你有没有男朋友，想认识一下  ❤表白8:魏晨 我好爱你呀 我们和好吧  ❤表白9:表白学生会街拍外院的王欣然小姐姐  第二张拍的好美[haha] （匿名吐槽第一张选图  ）  ❤表白10:看到昨天表白5有人表白郭yw小哥哥了，有点点酸了，果然这么美好的人会有很多人欣赏吧…交集越来越少，自己只能在角落里悄悄的喜欢你了，幻想哪天你能想起我吧(｡•́︿•̀｡)  ❤表白11:回复昨天25:你是男生还是女生？  ❤表白12:回昨天表白23：18景观的刘辰小哥哥还没有女朋友。不吹不黑刘辰小哥哥不仅帅还是我们公认的超级大佬！！欢迎各位小姐姐来带走他！！  ❤表白13:愿hwj永远开心幸福  ❤表白14:表白数院fjb小哥哥  短暂相遇却让我日思夜想，不过我马上就要搬校区，可能很难再见啦。遇见你很开心  希望小哥哥要幸福哦  ❤表白15:回复昨天头条：刘辰没有女朋友啊！我们班的大佬！冲啊朋友！可以的！  ❤表白16:再次表白Wangyue小姐姐，最后的机会我还是没能鼓起勇气找你呢，祝期末顺利~  ❤表白17:希望我成为自己想要的样子时可以再见到你。那时的我，定会大大方方的走到你面前：交个朋友吧~  ❤表白18:希望我成为自己想要的样子时可以再见到你。那时的我，定会大大方方的走到你面前：交个朋友吧~  ★❤表白19:tyf，三年了，我终于可以忘了你了，曾经好怀念偷看看晚霞的我的你，好喜欢吃完午饭偷偷跟在我后面的你，好喜欢为我参加十佳的你，好喜欢为我跑3000的你，好喜欢为我换到9班的你，好喜欢好喜欢，就算是互相伤害也好怀念。。。以前一直疑惑你是不是真的喜欢我，但是现在才发现是我太笨了。那些真心喜欢的日子，可能再也没有。但愿一别两宽，各生欢喜。  ★❤表白20:表白16级glm小姐姐，最开始是被你可爱的笑声吸引，看到你和你的朋友一起聊天，感觉你像个小太阳一样，整个人都暖烘烘的，不知道你有没有男朋友，不管怎么样，我都会默默关注你，祝你一切都好！  ★❤表白21:记得你有次喝醉了，把我当成别人，说了很久的话，我可能这辈子也就那一次能听见你的心声吧……我不知道是该庆幸自己能和你有如此近的距离，还是应该伤心你口中的他不是我......转念一想，也许认识你就是上天给我最好的礼物吧，天使从来都是可望不可及的，我以前还不信。说来可笑，我还是觉得自己有希望，但是这份希望也就只能在这里，用如此懦弱的方式表达出来，我喜欢你很久了郑加强  ------------------------------------  发表表白、树洞等直接点击文章底部阅读原文  如果有什么紧急的事情找找小编，可以点击阅读原文到【  互动交流  】板块留言，小编会定时的查看你的留言消息  ------------------------------------  小编也很辛苦，能不能打赏一块钱，长按二维码直接打赏（凭自愿）  【同济微生活】  订阅  :  微信中搜索添加好友【  ""tongji006】  或长摁下面二维码直接关注  点击  “阅读原文”  发表表白、树洞等信息  ↓↓↓"
"2019","06/16","·﻿  ﻿  ﻿  ﻿﻿  击上面  ↑↑↑  蓝字订阅【同济微生活】  -----------------------------------  ❤表白1:表白15级软件学院陈淇格小姐姐，能不能一起去美国找地方住宿  ❤表白2:怎么搞的喜欢一个人还和小学时候一样，每天都想接触一点和他能搭上一点边的东西，再这样下去我要去看建筑学的书了  可是又不敢找他聊天，太忙了会觉得我烦的吧呜呜呜  ❤表白3:有木有知道晓雯学姐微信的，求求求  ❤表白4:昨天第13条，那个小哥哥长什么样子呀，我可以帮你认识  ❤表白5:想知道郭奕为小哥哥有对象了吗嘻嘻嘻 他太可爱啦  ❤表白6:父亲节喏，表白我老爸。 我说，老头，这学期给你添了不少麻烦，挺心烦的吧，你跟我妈来一趟时间太短了，也没能陪你们好好逛逛，这个暑假比较短，咱先说好得和平相处啊，那啥，咱俩一块戒烟成不成，这不是啥好玩意，那说定了啊。  ❤表白7:希望化学的yqxjj，期末加油(ง •̀_•́)ง  ❤表白8:回复昨天表白2和表白4：真的很感谢你们！！  ❤表白9:喜欢你，但不可以告诉你。趁还在四平，要多去见见你❤️  ❤表白10:もう、疲れた。このまま終わりたくないですけど、仕方がない。君に会いたいと思うけど、叶えられないだろう。  ❤表白11:回复昨天表白17，其实你第一条表白墙就被看到了，我以为有人会回你，居然没人回！！这帮不知道帮忙的单身汉！你的汤哥哥旁边的小哥哥表示他确实很帅，这个不用强调。你加我QQ小号，1406700590，我提供你汤哥哥的联系方式，但希望你还是期末为主，假期再开始你们的故事，respect～～skr～  ❤表白12:上学期在近代人物转型选修课，碰到一个女生，就坐我右边，偷拍了她，她水瓶是漏斗形状，黑色盖头，底部是蓝色的，当时是个木头脑子，忘要wx了，后来就再也没邂逅过她  ❤表白13:魏晨 我好爱你呀 我们复合吧！  ❤表白14:嘻嘻  ❤表白15:感谢六级考试北楼114靠门一列第二位的男同学借我耳机！大恩大德无以为报就祝你六级成绩特别特别特别好吧！！！  ❤表白16:表白同济大学主持人团啊❤️❤️❤️ 虽然你只有三岁🎂但是我对你的爱要更久更久 今天是主持人团专场啦！希望这些万能的小可爱们期末顺利！我们演出也要加油噢！ 绕口令儿咋全场❤️ 永远爱主持人团❤️  ❤表白17:我的那条狗什么时候能对我汪啊！ @嘉定灵魂歌手 考研加油💪冲就完事 我知道你不看所以我才写嘻嘻  ❤表白18:墙墙，我又来了，有木有人认识吴煜梵小姐姐嘛，可不可以推一下QQ哇  ❤表白19:人间烟火，山河远阔。无一是你，无一不是你。 你很想她，却不知我很想你。 给我的星星  ❤表白20:人间烟火，山河远阔。无一是你，无一不是你。 你很想她，却不知我很想你。 给我的星星  ❤表白21:石明津小哥哥的正脸好像鹿晗鸭，爱了爱了  ❤表白22:沈同学！！！我酸了！！恰🍋了！！  ❤表白23:表白18景观刘辰 小哥哥好帅啊 不知道你有没有女朋友  ❤表白24:每天都希望能见到在图书馆角落看书的你，可我又总是会刻意避开和你目光的接触。其实，你应该注意到我了吧，总是在刻意制造偶然，如果你能看到，可以给我一点提示么？  ❤表白25:每天都希望能见到在嘉图角落学习的你，可我又总是会刻意避开和你目光的接触。其实，你应该注意到我了吧，总是在刻意制造偶然，如果你能看到，可以给我一点提示么？  ------------------------------------  发表表白、树洞等直接点击文章底部阅读原文  如果有什么紧急的事情找找小编，可以点击阅读原文到【  互动交流  】板块留言，小编会定时的查看你的留言消息  ------------------------------------  小编也很辛苦，能不能打赏一块钱，长按二维码直接打赏（凭自愿）  【同济微生活】  订阅  :  微信中搜索添加好友【  ""tongji006】  或长摁下面二维码直接关注  点击  “阅读原文”  发表表白、树洞等信息  ↓↓↓"
"2019","06/15","·﻿  ﻿  ﻿  ﻿﻿  击上面  ↑↑↑  蓝字订阅【同济微生活】  -----------------------------------  ❤表白1:中午在同济大学国家大学科技园门前，遇到一位穿着蓝衣服骑着自行车的女生，当时骑着车带着同学逛校园，加上也比较害羞，没有勇气上去认识下。好可惜啊。  头一次发表白墙，不知道她能不能看到～  ❤表白2:回复14号表白三，相信医学进步，努力的过好自己的每一天💪，到现在就要多注意身体了  ❤表白3:表白我傻库，表白阿汤，KD，和勇士队的每一位球员，你们每个人都是英雄！希望你们将来都要远离伤病。来年再战  ❤表白4:回复表白三,作为一名医学生负责任的告诉你 没关系的，肠息肉是一种很常见的病，你不用太有压力，在良性的时候完全可以摘除哦，记得常去复查，体积没有增大就没关系～加油鸭！  ❤表白5:回复昨天表白14：是的是的就是他  ❤表白6:白茶清欢无别事 我在等风也等你。18级会计班陈蕾，我喜欢你！  ❤表白7:表白18xwd，但我是你永远得不到的男人  ❤表白8:期末季很忙 每天在图书馆待很多个小时 偶尔会听着你在pyq分享过的歌一个人走回寝室 觉得好像还能继续加油  ❤表白9:表白医学院的李平学长 想知道他有没有女朋友啊，如果没有可以认识一下吗  ❤表白10:表白今天北楼310四级考试一身红色连衣裙的吴小姐姐，有人有她的QQ嘛  ❤表白11:考完四级，学苑看到一个背着红包矮矮的很可爱的女生，想要vx  ❤表白12:墙墙，有木有人认识wuyifan小姐姐啊，可以推一下QQ么  ❤表白13:表白昨天小亭门口传白色会衫的小哥哥 小哥哥好温柔啊 有没有npy 我不是学生会的怎么才能有机会认识一下啊  ❤表白14:我受了委屈总想和你说，有开心的事也想和你分享，但是没有受委屈时倾诉的欲望强烈。我念念叨叨地和室友说，我想找你聊天，又不想找你聊天。她很不能理解。因为我的感情告诉我我要找你说话，但是我的理智告诉我不可以啊。我怕打扰你，怕我说错话。顾忌的事情这么多，怎么做到愉快地聊天？  ❤表白15:我受了委屈总想和你说，有开心的事也想和你分享，但是没有受委屈时倾诉的欲望强烈。我念念叨叨地和室友说，我想找你聊天，又不想找你聊天。她很不能理解。因为我的感情告诉我我要找你说话，但是我的理智告诉我不可以啊。我怕打扰你，怕我说错话。顾忌的事情这么多，怎么做到愉快地聊天？  ❤表白16:祝18建院wyc小哥哥期末顺利！建筑史加油！早日金手套！  ❤表白17:表白汤学长的第二天，昨天在图书馆看见汤学长了，只敢偷偷看一眼，黄色衣服超亮眼！他旁边的男孩子也好帅哦，不过在我心里还是比不上汤学长啦hhhhh  ❤表白18:喜欢李金儒  ❤表白19:我想表白18级土木一班的刘昊！！太喜欢他了！打篮球很厉害超帅超可爱而且声音也超好听唱歌也很棒！！天哪我要晕过去了（迷妹尖叫！！！） 我只是想表达一下我的喜欢 希望刘昊同学学业进步 事事顺意(●°u°●)​ 」  ❤表白20:表白那种在图书馆疯狂敲击机械键盘展现自己的努力的人  ★❤表白21:表白15级的高柔云，你一颦一笑的样子十分美丽。是你让我感受到了恋爱的感觉，也是你让我感受到了撕心裂肺的感觉。你或许不知道，在失去你的日子里，我连打游戏的动力都没有了。我愿意为了你改变我的一切，我可以迁就你的小脾气，可以迁就你的无理取闹，可以迁就你的所有缺点，只求你别离开我。希望你还可以记得我们在一起的甜蜜时光，希望你还能回来找我，爱你❤  ------------------------------------  发表表白、树洞等直接点击文章底部阅读原文  如果有什么紧急的事情找找小编，可以点击阅读原文到【  互动交流  】板块留言，小编会定时的查看你的留言消息  ------------------------------------  小编也很辛苦，能不能打赏一块钱，长按二维码直接打赏（凭自愿）  【同济微生活】  订阅  :  微信中搜索添加好友【  ""tongji006】  或长摁下面二维码直接关注  点击  “阅读原文”  发表表白、树洞等信息  ↓↓↓"
"2019","06/14","·﻿  ﻿  ﻿  ﻿﻿  击上面  ↑↑↑  蓝字订阅【同济微生活】  -----------------------------------  ❤表白1:表白18级景观一班刘辰，语文课上压倒性胜利，实至名归！！！  ❤表白2:虽然隔了很久很久，但我还是想表白毛概课上的那个小姐姐，因为能看见你，所以觉得去上毛概课是件重要的事情。很感谢你能成为我临近期末的一点动力；也很开心能收获你的笑容，在你看见明信片的时候。如果可以认识你，毛概群里有我的vx，明信片上的署名就是vx昵称。（眸子闪处，山山水水；笑口开时，花花草草）  ❤表白3:家族性肠息肉到40岁癌变率100%，我现在20岁，已经走了一半了。表白自己，从现在开始好好做个人，不留遗憾。  ❤表白4:我想每天唱歌给ycb听❤️ ❤️  ❤表白5:不管以后怎么样 qys永远爱你  ❤表白6:包怡芸23日的考试加油！大笨蛋我永远挺你！  ❤表白7:医学院的WYJ小哥哥，你做实验的认真的样子真的好帅哦，期待你有更好的实验结果  ❤表白8:再次表白方呆瓜 我不死心。  ❤表白9:表白数院李新朋，阿朋好可爱呀，好可爱一男的 不知道有没有女朋友或男朋友吗？  ❤表白10:上课前肝（一个不是多热门的）游戏，旁边坐着的不认识的小姐姐竟然是同好，这就是缘分吗  ❤表白11:没有人发现刘睿涵很帅吗？ 我喜欢和他一起参加活动的，可是他只和他的室友说话，希望他能多关注关注我。我只是个喜欢得很卑微的女孩子罢了  ❤表白12:表白曹剑学长，虽然今天没见到你，但是收到你的信息很开心！期待考试后与你见面！我想说，我也爱你！！  ❤表白13:Mr.W，喜欢你一年多了，学长你马上要毕业了祝你往后一切顺利，还是担心你的旧伤，担心你会受新的伤，你还是心里最在乎的位置，我知道自己太怂了，但白蛇缘起里说“不妨不妨来日方长”，其实因为你我做了许多从未做过的的“傻事”，谢谢你出现在我生命里，给我有勇气，虽然从没有跨出表白那一步，但还是谢谢你  ❤表白14:回复周四表白六，你说的是付加贝吗  ❤表白15:环境杨鸿艺有男朋友女朋友狗子或者心上人吗  ❤表白16:希望住独卫独浴的朋友们都有换宿舍厕所垃圾袋以及清扫厕所的意识 不要只管扔不管换谢谢合作  ❤表白17:表白戴黑色帽子的rll小姐姐 很帅气很带风  ❤表白18:我杨晓潇是个大帅比  ❤表白19:突然表白yxx～其实邯郸的我和嘉定的你也只有北安跨定班车一站路的距离  ❤表白20:我在这里真诚地向我们家小仙女🧚‍♀️毛毛表白，三观超正，生活积极健康，学习认真专注，长得好看又会打扮，歌唱地超级好听，还会跳舞💃，完全是仙女🧚‍♀️啊！！！希望有一个人品好颜值高三观契合的小哥哥能够陪伴她一起度过最美的时光！！！  ❤表白21:表白17土木的yejiaming……希望你每天都开心……  ❤表白22:接上条表白yjm……有妹有他的朋友可以联系我呀  ❤表白23:马上就去嘉定了，趁还在四平表白18临床的rhy小姐姐，希望她能看到，即使看不到，也祝她今后幸福  ❤表白24:表白电信学院的TCY汤学长！汤学长在球场上的样子真的超有feel，我可以！这就是一见钟情的感觉嘛？好不容易打听到他的名字和学院。请问汤学长有没有女朋友呀！有没有知情的小伙伴透露一下，如果有的话就不打扰汤学长啦！  ------------------------------------  发表表白、树洞等直接点击文章底部阅读原文  如果有什么紧急的事情找找小编，可以点击阅读原文到【  互动交流  】板块留言，小编会定时的查看你的留言消息  ------------------------------------  小编也很辛苦，能不能打赏一块钱，长按二维码直接打赏（凭自愿）  【同济微生活】  订阅  :  微信中搜索添加好友【  ""tongji006】  或长摁下面二维码直接关注  点击  “阅读原文”  发表表白、树洞等信息  ↓↓↓"
"2019","06/13","·﻿  ﻿  ﻿  ﻿﻿  击上面  ↑↑↑  蓝字订阅【同济微生活】  -----------------------------------  ❤表白1:表白寝室里专门在午睡的时间点外放打王者或者刷抖音的宝藏室友，期待你考四级的时候也外放英语听力  ❤表白2:回复表白19 本来他怕你心情不好，现在看来还是他现在女朋友比较好，还是挺心疼你的  ❤表白3:twy小姐姐侧脸绝了[good][good][good]  ❤表白4:杨枭暄，我的青春，方方面面都与你有关。  ❤表白5:杨枭暄，我的青春，方方面面都与你有关。  ❤表白6:表白一名数院小哥哥！想知道他的名字！好像名字第三个字是贝字，好喜欢他哦，自从上次遇见，就经常想起  请问小哥哥有npy吗  不想错过喜欢的人  ❤表白7:6.12日早骑车上课太着急蹭到一位小姐姐，按了铃没刹住车，表示抱歉  ❤表白8:祝土木的某个愣头青期末顺利！就不祝你门门满绩啦，想想也不现实嘛。我也觉得要闭卷的选修课有那么点点讨厌，希望你能成功参透  ❤表白9:回昨天表白8，我是邢泽钰学长的爸爸，我儿子说请你直接联系他！他很想认识你！  ❤表白10:回复表白8 同学你好 我是邢泽钰同学的爷爷 很高兴你看上了我孙子，他非常着急想要你的联系方式跟你沟通，能满足他的这个愿望吗？  ❤表白11:回复昨天表白8：邢泽钰的老父亲留下欣慰的泪水，泪水留下来滋润尘土开花结果。  ❤表白12:看到昨天的表白墙有点难过。很郁闷。。。 邢泽钰学长，我真的也很认真很认真的喜欢着你，从我入校以来见到你的第一眼就喜欢上你那么阳光的笑容了。本来想把这个当作秘密一直保留一辈子的，但是看到有个妹子向你表白，我真的心里很复杂。可能如果之前能够勇敢一点就好了吧！反正你也看不见，就只是说一说，说出来就好受多了。我只是希望你能够在大西洋的彼岸一直都好好的。 wish u all the best，forever！  ❤表白13:最后一场星期音乐会了！什么时候可以再听到陈雪欢小姐姐弹琴啊！！！！！！！！！  ❤表白14:我就是个倒霉孩子  只会自己暗戳戳各种加戏  还有不回消息不如直接说一声我对你不感兴趣喔  ❤表白15:我就是个倒霉孩子  只会自己暗戳戳各种加戏  还有不回消息不如直接说一声我对你不感兴趣喔  ❤表白16:图书馆九楼北的小姐姐，今天下午吵到你了很抱歉，最近颇为焦虑，貌似同心云用不了了，不然就上同心云道歉了  ❤表白17:第五天，表白曹剑学长，周五中午我去学苑吃饭，希望能看到你！对了，你上次喝酒后东西还在我这里，能送给我吗(不好意思微信和你说)  ❤表白18:第八天了，wyc小哥哥你真🉑️  ❤表白19:偷偷地喜欢XYC小哥哥，我不够优秀，所以不敢打扰你。祝你天天开心。  ❤表白20:求求求求今天下午5点多在学苑快餐部吃饭的小姐姐联系方式！粉色头发粉色t恤！黑口罩！超帅的！  ❤表白21:表白周三晚上主动让给我秋千的小姐姐啊  小姐姐正在等男朋友哈哈哈  祝你们幸福啊  这么善良的小姐姐，小哥哥可一定要珍惜啊  ❤表白22:表白桃总!!! 0613生日快乐啊，还希望能看到你的美队客串  当然你所有的角色我都喜欢，祝你开心^_^  ❤表白23:求周一三四节的游泳初级班啊啊啊，可有偿，实在没有别的时间能排体育课了，跟腱又没完全恢复quq +V:Sylviabelowthemoon价钱好商量  ❤表白24:表白6.13中午在北楼117碰到戴白色帽子的小姐姐  ------------------------------------  发表表白、树洞等直接点击文章底部阅读原文  如果有什么紧急的事情找找小编，可以点击阅读原文到【  互动交流  】板块留言，小编会定时的查看你的留言消息  ------------------------------------  小编也很辛苦，能不能打赏一块钱，长按二维码直接打赏（凭自愿）  【同济微生活】  订阅  :  微信中搜索添加好友【  ""tongji006】  或长摁下面二维码直接关注  点击  “阅读原文”  发表表白、树洞等信息  ↓↓↓"
"2019","06/12","·﻿  ﻿  ﻿  ﻿﻿  击上面  ↑↑↑  蓝字订阅【同济微生活】  -----------------------------------  ❤表白1:我喜欢你的程度，是在我没解锁手机心里暗暗期待是你发的消息却不敢解锁的时候，我的心脏就在胸腔里撞到微微胀痛，这样的程度。也只不过是这样的程度。  ❤表白2:我喜欢你的程度，是在我没解锁手机心里暗暗期待是你发的消息却不敢解锁的时候，我的心脏就在胸腔里撞到微微胀痛，这样的程度。也只不过是这样的程度。  ❤表白3:表白shell！！ 表白python ！！ 表白 R！！ 拜托了！！！  ❤表白4:借表白墙宝地自救:有无同济xpx一起8月份从上海出发去深圳周年  (加微信krymlit1921  ❤表白5:表白周一硬件基础课百褶裙小姐姐❤回复一下嘛  就算让我死心也可以  ❤表白6:表白毛概课后面的男生，长得有、像李荣浩哈哈哈哈哈哈，好像叫xzy，为你打call  ❤表白7:您好，打扰，周二晚九点左右吧嘉定天猫超市大概是在牙刷们前面停了一下的黑长直衬衫黑阔腿裤小白鞋姑娘，如果您看到了，能不能认识一下？手机号15316167226  ❤表白8:表白邢泽钰学长 他现在已经毕业去英国读研了 真的好喜欢他 虽然低微到尘埃 那也希望能因为他开出一朵花啊  ❤表白9:第四天表白曹剑学长！！怎么办，我又想他了！希望他能看到吧！  ❤表白10:臭猪，快回来吧，我在本部等你，回来我好好宠你爱你，快回来吧，夜黑了宝贝该回家了  ❤表白11:辗转几年又可以遇见，久别重逢是我最喜欢的戏码。兜兜转转之间早就把你当成了朋友。这种相遇，觉得自己也挺幸运的啊。你要去参军啦，为什么心里有点难过呢  也许只有那句话：此去经年，应是良辰好景虚设。也许真的是再也不见了吧。遇见的意义不就是分别吗。那好吧，再见吧，再也不见。  ❤表白12:周一12节学术英语课的Wangyue小姐姐，想知道你有没有npy呢，有没有机会得到你的联系方式交个朋友呢。  ❤表白13:我眼神真的不太好，但第六感还是很准的，要是我没看到你抱歉啦～不过对视又怎么样呢……不过连普通朋友都算不上的朋友。我是不是该放下了。我不该有所期待的。  ❤表白14:祝18汽车dlc期末顺利假期愉快 一定一定要每天都开心  ❤表白15:隐约雷鸣 阴霾天空 但盼风雨来 能留你在此 隐约雷鸣 阴霾天空 即使天无雨 我亦留此地  ❤表白16:表白15级软件学院陈淇格，有没有人有她的联系方式  ❤表白17:6月12号早上7点58左右在在樱花大道与南大道交叉口差点撞到一个小姐姐，在这和她道个歉，要上课了，骑车有点快.....实在对不起，可以补偿奶茶  vx18645980859  ❤表白18:周二下午四五点在西南教超二楼打印店穿白色衣服 粉色拖鞋的小姐姐 不知道有没有npy  能不能认识一下吗  感觉长得超级漂亮诶！  ❤表白19:我还来墙上找那个人：周一下午3.30左右，在西北教超碰到的一个男生，我问你会打印六级准考证么？看到你嘴角有一点笑意的时候，诶！！居然有一点可爱☺ 交个朋友吧qq小号:2670165341（这次要再找不到，我就放弃了，好好准备期末  ）  ❤表白20:表白新生院的宣同学呀  你笑起来的样子真的太好看辽，不知道可不可以认识一下吗？  ❤表白21:今天上午三四节课在b213上课十一点半去洗手间的那个穿着蓝色牛仔裙子，黑色小鞋子，黑色书包还带着灰色手提包的小姐姐好漂亮啊.不知道今天一起上课的人有没有认识她的，求联系方式  ❤表白22:表白一下今天中午在食堂说谢谢的小姐姐，我不知道我笑着回应没有，或者脸僵住了，可能因为昨晚熬夜了今天有点晕或者你太漂亮了我呆住了。总之也谢谢你，今天一整天都很开心。  ❤表白23:本来以为那些时间和记忆都随着删掉的照片消失了，没想到散落着的几份录音会在随机歌单里跑出来，把它们都听完了，莫名有点难过但是没有难过的资格。  ❤表白24:本来以为那些时间和记忆都随着删掉的照片消失了，没想到散落着的几份录音会在随机歌单里跑出来，把它们都听完了，莫名有点难过但是没有难过的资格。  ------------------------------------  发表表白、树洞等直接点击文章底部阅读原文  如果有什么紧急的事情找找小编，可以点击阅读原文到【  互动交流  】板块留言，小编会定时的查看你的留言消息  ------------------------------------  小编也很辛苦，能不能打赏一块钱，长按二维码直接打赏（凭自愿）  【同济微生活】  订阅  :  微信中搜索添加好友【  ""tongji006】  或长摁下面二维码直接关注  点击  “阅读原文”  发表表白、树洞等信息  ↓↓↓"
"2019","06/11","·﻿  ﻿  ﻿  ﻿﻿  击上面  ↑↑↑  蓝字订阅【同济微生活】  -----------------------------------  ❤表白1:总是想成为那个最优秀的女孩子，觉得这样才能以最好的姿态与欣赏的人相识。后来我也可以坚持学下七年的钢琴也可以与别人谈笑风生。但是多可惜啊自己的体育成那个样子，看着那个人身边那么可爱又优秀的小姐姐多希望，我也可以这样优雅又幽默的站在他身边--交个朋友吧~也只是希望而已。错过也不过可惜，也只是慨叹自己的不完美不好看，就这样错过吧，也未尝不可。  ❤表白2:“我好喜欢那个男孩子打球的样子” （嗯，我也是） 也只能这样，只是想想。  ❤表白3:王一丞小哥哥！！期待再听到你演奏呀！  ❤表白4:想知道周一下午一点半上课前从南楼下楼出去的那位女生的联系方式 好像是一身白色衣服 长发 长腿  ❤表白5:回复前天表白28.伪摇。。。？你怕还是个孩子  ❤表白6:回复前天表白28.伪摇。。。？你怕还是个孩子。  ❤表白7:太久没有说出喜欢二字，不知对你的心动怎么回事、从何开始，机会太少，可我也想试试。  ❤表白8:我多想再见你 哪怕匆匆一眼就别离  ❤表白9:表白宋心怡啊！！！第一眼看到你就爱上了你 求好心人给一个微信吧  ❤表白10:表白18级土木7班蔡徐坤（真名zyz）应该是个很有趣的人呢  ❤表白11:表白我的猪猪 每周让你来陪我真的好对不起你 接下来考试周换我照顾你啦  ❤表白12:表白周一硬件基础课经常穿百褶裙小姐姐❤如果你看到留言 只是不想理我的话 可以回复我一下吗  ❤表白13:第三天表白曹剑学长，今天在食堂看到你啦，好开心  ！！我们什么时候能一起吃饭哦  ？  ❤表白14:今天好几次看到古丽米热小姐姐的笑容，很开心  ❤表白15:替我交运的室友表白晚上车队宣讲的辣个智能车队的小姐姐  小姐姐牙疼还在坚持给我们讲  感觉特别亲近一点也不像有的大佬那么高冷  ❤表白16:18建二的lssw也太可爱了叭！！！  ❤表白17:回复昨日表白5，请问xjj是打算什么时候去迪士尼呢  ❤表白18:所以瞿xh同学到底有女朋友吗  ❤表白19:回复表白21，这也太强了吧我发不会聊天都能被回复哈哈哈，其实我是个话唠，只不过遇见喜欢的男生就不会说话了  如果我真不会聊天又加了你岂不是成了两人尬聊  早日学会聊天哈哈哈  ❤表白20:来墙上找个人：昨天也就是周一下午3.30左右，在西北教超碰到的一个男生，我问你会打印六级准考证么？  看到你嘴角有一点笑意的时候，诶！！居然有一点可爱☺ 交个朋友吧  qq小号:2670165341  ❤表白21:今晚月色真美   嗯，适合叉猹   一起去吧   好  ❤表白22:周二早上第一节课间在a楼一楼买饮料那个小姐姐，能认识下你嘛 +q 1285678596  ❤表白23:周二上午十点半七号楼路过的一个打着纯粉色雨伞，蓝色裙子，背着黑白相间书包的小姐姐真好看，应该是去图书馆学习。  ❤表白24:有没有打DNF又恰好在浙江一或者跨五的，求加好友一起玩！QQ：1226566812  ------------------------------------  发表表白、树洞等直接点击文章底部阅读原文  如果有什么紧急的事情找找小编，可以点击阅读原文到【  互动交流  】板块留言，小编会定时的查看你的留言消息  ------------------------------------  小编也很辛苦，能不能打赏一块钱，长按二维码直接打赏（凭自愿）  【同济微生活】  订阅  :  微信中搜索添加好友【  ""tongji006】  或长摁下面二维码直接关注  点击  “阅读原文”  发表表白、树洞等信息  ↓↓↓"
"2019","06/10","·﻿  ﻿  ﻿  ﻿﻿  击上面  ↑↑↑  蓝字订阅【同济微生活】  -----------------------------------  ❤表白1:表白艺传学院广编杨雨彤💕～最近辛苦啦！(^з^)，晓得你会又累又辛苦！😣但我会超乖的陪在你身边～期末加油哦💜  ❤表白2:答昨日表白1：喜欢就上啊，愣着干啥，连有没有对象都不告诉问，那等着他牵着对象来见你？哪里那么多废话，百度上活的都是别人的样子，你难不成为了追一个男的放弃自己的真性情？他若喜欢你，你蹲在路边上啃猪蹄都是可爱的样子。追一个人并且想知道合不合适最佳的办法就是把最真的自己给他看，没那么多废话。  ❤表白3:回复昨天的表白5:摇滚少女🉑️吗？If you don’t mind我们可以做好朋友 你有点酷噢  ❤表白4:表白软件学院陈淇格小姐姐，求她的联系方式  ❤表白5:没有想去迪士尼玩的小姐姐吗  ❤表白6:我不着急也不死心 你先读你的书 我先看我的电影 总有一天我们会窝在一起 读同一本书 看同一部电影  ❤表白7:表白我的小仙女  今天是我们认识的第93天，也是在一起的第53天  我会一直爱你的！晚安！  ❤表白8:我也想跟rapper玩，丁方强到底是谁，还有，所有人，喜欢就去说，不要怂！怂货！  ❤表白9:表白6月9号下午5：35左右在大食堂一楼的一个小姐姐，很有魅力，穿着阿迪三叶草的板鞋，穿着阔腿裤，上衣是深棕色的衣服，一个人边吃饭边玩手机，坐在食堂中间的位置（边上是南北主通道）。  ❤表白10:表白6月9日下午5：35左右在大食堂一楼吃饭的一个很有魅力的小姐姐，穿着阿迪三叶草的板鞋，穿着很宽松的那种阔腿裤，上衣是深棕色的，一个人边吃饭边玩手机，坐在食堂中间的位置（靠近南北主通道）。如果看到可以在表白墙上回复一下吗  ❤表白11:回复昨天表白10我们说的不是一个人啦  ❤表白12:回复六月九日表白8、17、23：谢谢你们，学长学姐。另外问一下表白23，可以给我你猜的那个人的名字缩写吗？我看对不对[笑cry]  ❤表白13:6月9日图书馆六楼不断讲话大笑的小哥哥小姐姐们，你们没素质的样子真美，中午十二点左右是你们，晚上六点左右还是你们，门关了都挡不住你们的没素质的大笑  ❤表白14:继续表白曹剑学长，喜欢你的一切，不知道你喜不喜欢我，但是我会坚持的！忘不了那天你抱我，想再次被你抱紧！  ❤表白15:为什么总是聊着聊着就把我忘了呢 忘了回消息 忘了我和你说的事 忘了我们为数不多的见面 你是有多不上心啊  ❤表白16:表白土木工程学院18级的尹靳晗小哥哥，就觉得他名字好好听，想认识一下他  ❤表白17:每当我想你，总会偷偷的听一遍雪落下的声音，默默怀念。眷念卑鄙的怀念  ❤表白18:每当我想你，总会偷偷的听一遍雪落下的声音，默默怀念。眷念卑鄙的怀念  ❤表白19:哎呀，yhd小哥哥女朋友没有，男朋友倒是有一大票呢  欢迎勾搭  ❤表白20:别健身了 吃吧吃吧  ❤表白21:回复表白4 我也不会聊天，不知道能不能认识一下小姐姐  ❤表白22:每天游泳馆都有好多帅哥啊，虽然我也是男生，但是我 都 很 可 以  。  ❤表白23:表白周一硬件基础课经常穿百褶裙和短裤上课 实验坐第二排的小姐姐 我真的要一直表白下去了如果你不回复我  ❤表白24:表白星空专场跳la vie en rose的小姐姐们！！！真的太美了！想问有无npy。  ❤表白25:周日晚上快十二点西北教超门口骑车送我朋友去校医院的小哥哥谢谢你和你的小电驴 可爱的人闪闪发光啊 感觉你应该是打印了工图 愿你学业顺利 前程似锦 ❤️ 真的真的超级感谢你 我朋友病好了请你喝奶茶🌹嘻嘻  ❤表白26:前几天看到一句话说“失望攒够了就大步离开吧”，我不懂为什么，两个明明深深相爱过的人，可以在这么短的时间里走散了。从你开始认为我的每一次生气都是无理取闹，从你每一句敷衍的回话每一个冷漠的眼神，从一起看电影我哭的稀里哗啦而你不再给我递纸巾反而在一边睡着了那刻起，我觉得失望真的攒够了。那么就大步离开吧…默契的是你刚好也没有挽留的想法。我想要学会爱自己。  ❤表白27:寻找一位xjj或xgg能够在期末一起约图书馆学习，互相督促!  真的很想活过期末!  QQ 975498404  ❤表白28:周一12节学术英语课上的Wangyue小姐姐，期末将至怕没有机会再见到你。想知道你有npy吗  。可以的话能加我qq小号认识一下吗,q:1794035336  ------------------------------------  发表表白、树洞等直接点击文章底部阅读原文  如果有什么紧急的事情找找小编，可以点击阅读原文到【  互动交流  】板块留言，小编会定时的查看你的留言消息  ------------------------------------  小编也很辛苦，能不能打赏一块钱，长按二维码直接打赏（凭自愿）  【同济微生活】  订阅  :  微信中搜索添加好友【  ""tongji006】  或长摁下面二维码直接关注  点击  “阅读原文”  发表表白、树洞等信息  ↓↓↓"
"2019","05/31","·﻿  ﻿  ﻿  ﻿﻿  击上面  ↑↑↑  蓝字订阅【同济微生活】  -----------------------------------  ❤表白1:周四中午129的黑衣服牛仔短裤小哥哥，好像是在跟几个黑胖大叔和一个黑胖女生打三三，滞空的时候不要太帅，想知道有npy嘛🌝  ❤表白2:表白2017级临床的何涛小哥哥，小哥哥特别温柔特别温柔特别温柔，小哥哥有女朋友吗，没有的话可以考虑我吗，没有小哥哥的联系方式，小哥哥愿意的话可以加我的qq3565853681  ❤表白3:每次很想和你说话的时候一大串就换来你几个字的感觉真的很不爽，我是不是真的太烦了诶，行叭爱咋咋滴，我这人就是没事找事，大不了我闭嘴哦。  ❤表白4:呜呜呜魏鹳达什么神仙颜值  好好休息别多熬夜  ❤表白5:表白今天（周四）中午12:30左右在南门口那条路上穿jk的小姐姐 真的超漂亮！！！  从我身边走过的时候哇真的被美到啊啊！！！（我感觉对视了一眼哈哈哈）高兴了一个中午！！！  好像是住西南二？能不能认识一下呀！  不知道小姐姐看不看得到这条哈哈哈  ❤表白6:想找个npy一起穿情侣款优衣库UT，塞拉玛斯。  ❤表白7:今天是没有理你的第四天。我也不知道这样的选择对不对啊。之前的我逐渐逐渐的喜欢上了你。那天下午，突然从室友口中得知，你与一个女孩子有说有笑，你还…牵着那个女孩的手。是我自作多情了啊，朋友就是朋友，或许在你心里，我都不算朋友吧。失去这份友情，真的很可惜很可惜。我们就这样从那么熟悉到最尴尬的陌生人。也挺好的。  ❤表白8:ayo！音乐节 有人约嘛？小哥哥 小姐姐们[haha]  ❤表白9:嘉定有想期末一起学习可爱的小姐姐不，好吃的奶茶什么的都可以，qq2308764743  ❤表白10:表白音乐艺术概论上表演节目的各位神仙 太厉害了天  ❤表白11:回复24 200一页  ❤表白12:表白17人文院的FWT哈士奇，小姐姐人美心善，第一次遇到你就爱上了。不知道你能不能明白我的心意呢？  ❤表白13:表白17级物理学院的一个男孩子，之前经常和你巧遇，一直没好意思加你微信，  结果好不容易下定决心要下次见你的时候要微信，就再也没遇到过你  我还能遇见你吗，你有女朋友吗？好遗憾啊  ❤表白14:“原谅我不可自拔 可能不经意看你一眼 心里石头都会落下”我爱你LQ！  ❤表白15:“原谅我不可自拔 可能不经意看你一眼 心里石头都会落下”我爱你LQ！  ❤表白16:回复30号表白14：Sylviabelowthemoon  ❤表白17:姚猪猪生日快乐 虽然不能跟你一起过生日惹嘤嘤嘤嘤嘤嘤 不过我们以后还会有好多个生日要一起过 嘿嘿  我会一直一直陪着臭猪猪哒  ❤表白18:真的是最后一次说爱你吧。爱你已经让我失去了自我了。以前以你为中心，如今再不可以了。不论今后如何，就希望你我安好。愿无岁月可回头。我爱你周柏安。  ❤表白19:三十号早上大概七点五十在樱花大道尽头，医学楼和爱心屋那里，我开黑色电瓶车不小心撞到了一个穿黄色衣服的女生……当时都着急上课，没来得及跟你道歉~真的不好意思，你的脚或者腿撞到了吗？有什么事儿，可以加我的QQ 438142417嘛？想跟你道个歉，当时被挡住了没有看到你，真的不好意思  ❤表白20:啊，不知道表白啥，就和自己讲讲话吧。不要害怕不要担心，回过头看看从小到大都是没做好准备就跌跌撞撞长大了。虽然永远没办法做到最好最完美，但你已经很棒啦，未来也会越来越棒的。加油加油加油，会越来越好的！！  ❤表白21:不知道学校里面有没有ysjj呀，有的话我表白一下，我们喜欢的人真的很好，他很好，我们要陪他一直一直走下去  ❤表白22:这次坚决不署名，你看不看得到，看不看得出，就看你的造化了🌝🌝🌝，球球你认真想一想，在你眼里我到底是谁（我知道问这个问题特别傻逼但是特别偶然的一些机会我知道了好多乱七八糟的东西，我在想你不会是现在这样的，唯一的解释就是你不喜欢我甚至讨厌我所以并不想理我，不然你就当我在乱想+乱讲），我是不是就是你生命里无数个路人里傻了吧叽地非要跟着你走一段的智障，如果你看到了，如果就是这样，你告诉我，我会离你远一点的。 我是喜欢，但我也要脸。 你知道吗，看见你的第一眼，你给我的感觉，和现在一点都不一样，你还是那个眼睛里有星星的某个人吗？  ❤表白23:z小gg生日快乐呀，不敢发消息，只能来这里给你说祝福了  ❤表白24:周四晚上坐在图书馆八楼南126位置上做高数校赛试卷的小姐姐，我可以认识一下你吗  我还是头一次遇见高数这么厉害的女生  可以和我交流学习吗  ❤表白25:回复昨天表白20:你前天没看到是因为我中午吃饭时才发，被排到昨天去了，今天开始也不会继续表白了，心已经剐凉剐凉的了，瓜也没得吃了。  ❤表白26:18级 经管的小艾同学 再次看到善良又可爱的你  不过学长建议你不要太善良，我不希望你太累更不希望你流泪  最后期末加油  ❤表白27:我爱my我爱my我爱my我爱my✨  ❤表白28:臭猪，我想你了，你在哪，以后都不吵了，回来吧  ❤表白29:回昨天21 GODK20  ❤表白30:有没有想一起约跑步的小伙伴呀～男女皆🉑  ❤表白31:那天得知了你有女朋友的消息，仿佛许久未体会到的高中时发成绩的斯歇底里，表面上还要装作不在乎，“我早就知道啊”。其实早就知道蛛丝马迹，只是一直在被你欺骗罢了。我一直知道的，你是在利用我，第一次被人利用也心甘情愿，可是，为什么要欺骗我呢。其实不怪你，因为一直都是我自作多情一厢情愿罢了。后来的一天第一次体会到了心痛的感觉，仿佛来自心脏深处的深深的击打，那般痛彻心扉。其实还是会后悔吧。都是我的错啊。现在坐在一起也不会讲话，目光对视也不会打招呼了。明明也可以装作什么都不知道，还是当朋友啊。可是我为什么要这么做呢，是不愿意将就吗。  ❤表白32:那天得知了你有女朋友的消息，仿佛许久未体会到的高中时发成绩的斯歇底里，表面上还要装作不在乎，“我早就知道啊”。其实早就知道蛛丝马迹，只是一直在被你欺骗罢了。我一直知道的，你是在利用我，第一次被人利用也心甘情愿，可是，为什么要欺骗我呢。其实不怪你，因为一直都是我自作多情一厢情愿罢了。后来的一天第一次体会到了心痛的感觉，仿佛来自心脏深处的深深的击打，那般痛彻心扉。其实还是会后悔吧。都是我的错啊。现在坐在一起也不会讲话，目光对视也不会打招呼了。明明也可以装作什么都不知道，还是当朋友啊。可是我为什么要这么做呢，是不愿意将就吗。  ❤表白33:TO18土木WY帅 忒帅的小哥哥，有没有NPY哈。  ------------------------------------  发表表白、树洞等直接点击文章底部阅读原文  如果有什么紧急的事情找找小编，可以点击阅读原文到【  互动交流  】板块留言，小编会定时的查看你的留言消息  ------------------------------------  小编也很辛苦，能不能打赏一块钱，长按二维码直接打赏（凭自愿）  【同济微生活】  订阅  :  微信中搜索添加好友【  ""tongji006】  或长摁下面二维码直接关注  点击  “阅读原文”  发表表白、树洞等信息  ↓↓↓"
"2019","05/30","·﻿  ﻿  ﻿  ﻿﻿  击上面  ↑↑↑  蓝字订阅【同济微生活】  -----------------------------------  ❤表白1:今天在南校区建工系实验楼给我留电梯门的小哥哥也太好看了吧，（虽然我不知道要去几楼就冲进去了），感觉小哥哥人超好啊  ❤表白2:我觉得，干干净净的男生会给人好感，至少在众“汗臭味""中能脱颖而出。有教养的男生让人感觉很舒适，至少在上课抖腿说话的人中显得沉稳。  ❤表白3:表白七七的最后一天。原来你有男朋友啊，不好意思，自作多情了  ❤表白4:ch愿我们能够熬过异地的距离  ❤表白5:政姬，我就这样一面看水，一面想你 只是，迎面吹来的风有点凉  ❤表白6:今天zam毛概1，2节，有个穿浅蓝色连衣裙，牛仔外套，背白色书包绿色花纹，坐在北面倒数第二排的小姐姐，已经关注你好久啦，经常在最后几排找到你的身影，觉得你有种特别的气质，不知道有没有机会认识一下呢  ❤表白7:表白李庆涛，今天是我们一周年啦，这一年里，对彼此了解了很多，也磨合了很久，终于走到了今天，想说一句我爱你，我想和你一直在一起  ❤表白8:陶以诺想上表白墙，我帮他圆梦。爱你陶哥🍑  ❤表白9:回昨天表白14:小组作业...还有班群嘛..为什么我啥都不知道  可不可以加我qq拉我进群或者给我发一下那个文件  qq:1376274558  ❤表白10:回复29号表白13，额，同学，你应该认错人了，你好像是个女孩子吧，我说的L同学是个男孩子  ❤表白11:回复昨天17号，中德学院qatar小哥哥没有npy  微信如下:Noti0n  ❤表白12:知乎上那个“方呆瓜”是谁？？太可爱了吧！！！ 是哪一届滴！好好奇啊！  ❤表白13:其实想笑对人生，但是有时候就是笑不出来  ❤表白14:回复29号表白5: 有兴趣，留个联系方式？  ❤表白15:陌上人如玉，公子林同学!顺便表白一下林宥嘉，天呐噜，推荐大家听《我梦见你梦见我》，六一的福州演唱会我要错过了呜呜呜呜呜(┯_┯)  ❤表白16:Y叉叉，我的暗恋隐藏得很成功，认认真真一段表白，你居然以为是另一位……心思又活泛起来，如果你知道我一直都喜欢你，会不会有转机呢？想把从前的误会都解释清楚，又怕说开了发现结果依旧，我不知道怎么办好了。算了算了，且行且看吧，先把我自己面前的一大摊子收拾好。我们以后的轨迹还会有交集的，未来如何发展就看缘分吧，笔芯  ❤表白17:今天也想你 不知道你会不会感觉得到嘞！  ❤表白18:求18级环境wnx小哥哥的微信！好帅一男的  ❤表白19:心真的好累，对一个人那么喜欢，付出了那么多，最后还是分开了，从没要求她付出什么，真的自己好卑微，希望以后自己对自己好一点，对喜欢自己的女孩子付出一切。  ❤表白20:作为一个吃瓜群众，昨天怎么没有见继续给建院七七的表白呢～  ❤表白21:想要电院第一菜zzk同学的微信  ❤表白22:表白18级社会学的乐倩雯，虽然你应该不认识我，但是还是要说图书馆前面又看到你啦，看着手机在笑，今天的你也好好看  ❤表白23:就这样了七，从哪里开始就从哪里结束，前程似锦愿你找到能陪你的人。  ❤表白24:招代做英语pre，男。  ❤表白25:骑车把裙子卷进了轮子里 还好有路过的人美心善的小姐姐和楼里阿姨帮忙 呜呜呜呜呜呜呜呜呜呜无比感动 表白小姐姐和阿姨！！！！！ 蟹蟹你萌！  ❤表白26:表白广播台！吉屋出租！  ------------------------------------  发表表白、树洞等直接点击文章底部阅读原文  如果有什么紧急的事情找找小编，可以点击阅读原文到【  互动交流  】板块留言，小编会定时的查看你的留言消息  ------------------------------------  小编也很辛苦，能不能打赏一块钱，长按二维码直接打赏（凭自愿）  【同济微生活】  订阅  :  微信中搜索添加好友【  ""tongji006】  或长摁下面二维码直接关注  点击  “阅读原文”  发表表白、树洞等信息  ↓↓↓"
"2019","05/29","·﻿  ﻿  ﻿  ﻿﻿  击上面  ↑↑↑  蓝字订阅【同济微生活】  -----------------------------------  ❤表白1:表白18级环境学院的hukun小姐姐，你走路的样子真的很好看❤️❤️  ❤表白2:请问17机械学院的耿怡宁有男朋友吗？？？？？？好可爱好喜欢她，但是一直没有能要她的联系方式  ❤表白3:表白17级材料学院的ly小姐姐，你真的很努力喔  ❤表白4:zez!我不知道说啥！就是突然想说点啥！行叭你大概差不多基本上可以理解我的心理活动就好哈哈哈哈哈哈  ❤表白5:想交个可以分享日常奇思妙想和说骚话的朋友，各性别皆可，有无感兴趣的同学  ❤表白6:斯人若彩虹，遇上方知有。表白嘉图三白色连帽卫衣的女孩。你安静的样子很可爱！  ❤表白7:想要一个会玩パズドラ的带带我呜呜呜  ❤表白8:我是一个建院的东北小学妹，表白德语社社长葛林顿！！！因为你的名字像波棱盖儿……每次我都会被一句话洗脑：葛林顿卡秃噜皮儿……  ❤表白9:邓镜宇小姐姐，你真好看，声音真好听，喜欢你  ❤表白10:我惹你生气了 你是不是还有点生我的气啊 那你不要生气了好不好 最近这段时间都是我的错 但我会改的好不好 所以你不要生气了嘛 看到这条表白就开心起来好不好 不管到底是有什么矛盾 我都特别特别 一如既往的爱你啊  ❤表白11:回复5.28表白14：期末交论文，最好五千多字，应该是字数越多越好。主题是关于 网络舆情对大学生的影响，似乎需要做个调查问卷。  ❤表白12:既然离不开漩涡中心 那至少快乐的陪你也好  ❤表白13:回复28号的20留言 我不知道你说的L同学是否是我自己 但我猜测是我自己 首先要对你说一句抱歉 让你度过的那段阴暗的时光 可是我也想对你说 对你越冷漠也是好处 因为我自己也无法处理这段感情 那我只能和你讲清楚 然后再冷漠再了断 至少我认为我这样做是对的 我不想让你经历我所经历的那段更黑暗的时光 如果我不拒绝你 我不冷漠你 我和你暧昧不清 你所经历的痛苦是现在的很多倍 我知道那是什么感觉 最后想告诉你去了嘉定好好照顾自己 祝你找个好的女朋友 过的幸福 认识过你我很开心 也再见吧  ❤表白14:回复表白20也许带来那样生活的只是你自己，没有勇气，不主动去追寻，无论男女在爱情面前只有一篇黑暗，除非运气好到爆  ❤表白15:回复表白20带来这样的生活的也许只是你自己，无论男女，在爱情方面，没有勇气，不主动，都只会是一片灰暗，除非运气好，否则你只能去爱上去追你的人。  ❤表白16:有哪位小仙女喜欢明日岛嘛，想一起买  ❤表白17:周二下午5，6节在南楼上的形政课上好像是中德学院的  穿Qatar球服的小哥哥！有没有npy啊  ❤表白18:我哭着求一个 智龙迷城大佬 带我飞😭😭😭😭😭😭😭😭 让可怜女孩实现梦想😭😭😭😭😭  ❤表白19:表白万有引力的狗狗酱，超可爱!  ❤表白20:回昨天表白14：老师说，期末是交一篇5000字的论文，主题是“网络舆情”。还有一个小组作业，就是交一份采访报告，具体的采访要求在班群文件里，可以去找一下。  ❤表白21:嘉定有没有可爱的小姐姐期末想一起去图书馆学习～～  ❤表白22:表白我的男朋友，和你在一起五百多天了。很爱你很爱你，想和你永远永远在一起。有你在身边真的好安心很开心。以后可以一起去欧洲留学了，特别期待，期待和你度过的未来每一天  ❤表白23:表白干净清爽的男孩子任豪，加油，希望你出道呀  ❤表白24:zpg 你好讨厌 我为什么快考试了才喜欢上你 为了复习去图书馆 ，但是满脑子都是你  而你不知道我喜欢你，你更不知道我是谁  我是疯了吗  虽然有好几个男生在追我，但我凭什么偏偏喜欢上陌生的你  我快疯了 又不敢让你知道我是谁 我该怎么办啊  你还是快离开我的视线，离开我的记忆里吧  我实在受不了  ❤表白25:表白今晚社团盛典上一个类似阿卡贝拉节目上的主唱小姐姐，坐在一排c位的我对你一见钟情  ❤表白26:回复昨天发表白十三:额不知道你是不是我的室友  。。。但我觉得非休息时间（12:00-13:00，23:00-7:00）的寝室应该算是几个人的公共区域吧？想要学习可以去图书馆嘛  （而且如果您是我的室友的话。。。我想说，你们打游戏连麦时的激情四射应该不比我唱歌好听太多吧  ）  ❤表白27:找一个小哥哥。5.28号晚5点在嘉三路看到一个推着自行车的小哥哥，周围还有几个同学，好想认识下哦  ❤表白28:突然很想跟优秀的lh表个白  ❤表白29:表白练习时长两年半 会唱跳 主持 法语的 张宇昭同学 爱你🤟  ❤表白30:To 王晨艺：旭光旭光，旭日阳光，护你起航  ❤表白31:嘉定有想一起进步的小姐姐可以加qq2308764743  ❤表白32:周三早上一二节常国峰老师课上最后一排穿牛仔裤的小姐姐好好看，总是忍不住回头想多看几眼，不知道有没有人有她的联系方式。  ❤表白33:zjy同学，我争取不再打扰你了。  ❤表白34:表白今天上午一二节下课，从北楼411第一个开门出来的女生，好吸引我，我可以拥有你的联系方式吗  ❤表白35:表白今天中午放学在学苑附近一个穿小闪电的小姐姐，好像撞鞋了，不过你好可爱，不知是否有npy,可不可以给我你的微信呢  ❤表白36:今天下午去c楼上课路上，遇到一个全身牛仔，白色衬衫，背着一个surface technology小袋子，粉蓝色手机壳的小姐姐好好看，超级阳光，要是你能看到就好了。  ❤表白37:您好？想问下范子骞小哥哥有没有女朋友？  ------------------------------------  发表表白、树洞等直接点击文章底部阅读原文  如果有什么紧急的事情找找小编，可以点击阅读原文到【  互动交流  】板块留言，小编会定时的查看你的留言消息  ------------------------------------  小编也很辛苦，能不能打赏一块钱，长按二维码直接打赏（凭自愿）  【同济微生活】  订阅  :  微信中搜索添加好友【  ""tongji006】  或长摁下面二维码直接关注  点击  “阅读原文”  发表表白、树洞等信息  ↓↓↓"
"2019","05/28","·﻿  ﻿  ﻿  ﻿﻿  击上面  ↑↑↑  蓝字订阅【同济微生活】  -----------------------------------  ❤表白1:周一中午在嘉定大食堂一楼沙发吃饭的女孩，穿白色上面有黑色线条花朵的吊带长裙，带着黑口罩。你的口罩很可爱上面还有个可以出气的洞哈哈哈，你的眼睛很好看很温柔，即使没看到你的脸也很想认识你～  ❤表白2:希望找个同学一起学习，自己自控力太差了，就是我觉得和别人约好了时间我就会去执行，因为我这人不喜欢迟到什么的，所以想找个人一起学习，有这个想法的可以加我一起学习啊哈哈哈哈。四平校区，男，QQ小号858984549  ❤表白3:为什么小哥哥这么熟练  都不知道该不该撩了  ❤表白4:回复昨天表白26 没有女朋友 但有老婆  ❤表白5:表白万有引力汪coser，太帅了太帅了！  ❤表白6:回复昨天表白8，如果一年半以前有人对我这样说该多好啊。能有你对他说这番话的人真的好幸运啊  ❤表白7:表白5.27周一傍晚五点多春禾二楼水饺窗口遇到的妹子，长发，上身是底色黑色有花纹的外套，下身牛仔裤，偷偷看了几眼，五官好清澈干净啊，是我喜欢的类型  ❤表白8:你们怎么天天都帮室友找对象？无中生友吗  ❤表白9:工力课坐我旁边的小哥哥，你帅的就像个渣男。上工力课我从来没有如此清醒而不专注。我现在是多么后悔你抬头看我的时候我没能抓住机会看看你的眼睛👀  ❤表白10:翟潇闻超可以的！！！姐妹们太有眼光了！！  我疯狂亲亲！  ❤表白11:不是表白 应该也看不到的吧  5.25下午偶然路过汇文楼302 18级土木八班ycp 念英语的声音真的很好听 在台上的样子也太优秀了 祝开心  ❤表白12:表白建院七七的第六天。我昨晚好像梦到你了呢。现在的我还能看到你，真好  ❤表白13:在寝室天天弹唱的舍友，你的歌声也太动听了，我决定离开寝室，把舞台交给你[good]  ❤表白14:有没有小哥哥或者小姐姐在上周一7，8节的心理学与人生智慧的选修课啊  我是选课的时候后来才选上这个选修的，所以不知道期末考试是以什么形式进行的，也不知道评分标准  希望有人可以告诉我一下  ❤表白15:表白星期音乐会上用寄情水的女孩子 有一种神秘的气质  ❤表白16:前天那个机灵的小姐姐qq3536816823  ❤表白17:表白一个可爱的小姐姐，听她朋友都叫她小治，为啥有这么可爱的👧 这种生物!?希望她的镜头里能有我，想进一步认识了解小姐姐，有人能帮忙牵线搭桥吗?  ❤表白18:话不多说 连煊 我爱你  ❤表白19:不知不觉已经500天了，有你的日子真好，zzy同学，想到明天就可以一起和你去欧洲留学就兴奋万分，可能冥冥之中自有缘分，我们偶然间的相遇，我们不会相隔太远，相信一切都是注定好的，永远爱你，我得宝贝  ❤表白20:哈哈，L同学，我终于，放弃掉你啦，你看到的全是光鲜的一面的我，最难熬的一段时间，在最黑暗深处挣扎的我，你永远都不会知道，可能也就是在那些时间里，你变得没那么重要了，距离越拉越远，我也终于，看不见你了，也罢，到此为止吧，祝你往后一切安好  ❤表白21:我真诚地感到，一颗火热的心是很难得到同等热烈回应的。这份冰冷或许来自往事，也或许那朵花已经绽放在别处。各位，能在一起就好好珍惜吧。莫待无花空折枝，别给青春留遗憾。  ❤表白22:我真诚地感到，一颗火热的心是很难得到同等热烈回应的。这份冰冷或许来自往事，也或许那朵花已经绽放在别处。各位，能在一起就好好珍惜吧。莫待无花空折枝，别给青春留遗憾。  ❤表白23:回复昨天表白8:张航是我的宝藏男孩，你不要跟我抢！航，你好好学习吧，不要再自我放逐了！  ❤表白24:杨枭暄吖，惦记你那么多年我真的累了  ❤表白25:回复前天表白21 机灵的小姐姐没有理我  ❤表白26:古丽米热小姐姐好可爱啊  ❤表白27:周五就是文化节辽 你会在吗 马来西亚xjj  ❤表白28:我时常怀疑自己的热情能持续多久，猛然发现自己原来早就在硬撑了。我记不清多久没有积极反馈了。对不起我实在坚持不下去  ❤表白29:已经不是我有多关注你的问题了，如果你得知真相大概会被吓到吧。只是我实在做不到饶恕自己的同时接纳你  ❤表白30:今天芊芊知道了我要表白n小q，她好像吃醋了[笑cry]  ❤表白31:回复昨天表白25：没  ❤表白32:to 晨艺：Take care，then go wild[haha]  ❤表白33:想念前几天那个机灵的小姐姐  ❤表白34: 表白今早七点左右在9号楼门口穿蓝色裙子，背着浅蓝色书包，肉色鞋子，扔完垃圾一个人去吃早餐的小姐姐，超级好看～～  ❤表白35:你不在的第三天，很想你。突然发现，可能以后你再也不会出现在我的世界里了。陈先生，我等你回来！  ❤表白36:在此表白一下我的室友 我也是有共情能力的 虽然情绪共情在我看来很drama 但是认知共情我还是很可以的 每次都被你排除在我我很不舒服 好像我是里不存在的人一样 Am I invisible?这样的对待我是不高兴的 我又不是一截木头 你需要情感上的支持我也可以给你 但你老把我当隐形的 ok fine 那我们就彼此隐形好了  ❤表白37:承接上一条表白我室友 我希望能更深入的了解你并且给你情感上的支持 虽然以前你有伤心的时候 但是我没有第一时间问你怎么回事吗 你说你不想说我不也是一再的跟你说你要是不想说隐私的事儿我可以理解我不逼你 但是这不代表我不关心 是你自己选择不说的（plus在我一再要求你有想说的一定要说我可以情感上支持你） 但是你没说 住一起快一年了也就这样 别人劝我我也就听了劝了 so screw you  ❤表白38:陈先生，我等你。我还没来得及陪你看下学期的大晚会呢！  ❤表白39:原来你有男朋友了啊，不好意思，打扰了，误解了  ❤表白40:杨枭暄，每每和别人说起我的故事，十句有九句关于你，可一幕幕全是我的独角戏。谢谢你一直冷脸，是我自己不放过自己，我也要试着，去接纳一个新的人了。慢慢放下，希望未来的爱人，爱我像我当初爱你那样。  ❤表白41:找一个小姐姐，这周二下午形政坐在大礼堂右边中间，穿了一件黑色短袖，背后有荣耀的logo，没什么别的意思，就想加个好友  ❤表白42:表白杨丁小姐姐，今天在图书馆。大概和你只有几米的微小距离，你便是我前进的最好动力～  ❤表白43:表白18汽院三班的长发白衣女生。虽不知姓名，但你优雅的样子令我倾心。远望一眼，不由自主地开心，想要更多地了解你。不知道可不可以留个联系方式  PS:你笑的样子也一定很美  ❤表白44:今天是2019年5月28日，我们可爱且魅力四射，迷人却不失风度的翟潇闻小可爱的二十岁生日~祝你以后每一个生日都会有很多很好的人在你身边陪你玩，越来越帅，做什么都能成功哈~  会有越来越多的人喜欢你的！生日快乐哦，以后的每一天也都要快乐！muamuamua~  ------------------------------------  发表表白、树洞等直接点击文章底部阅读原文  如果有什么紧急的事情找找小编，可以点击阅读原文到【  互动交流  】板块留言，小编会定时的查看你的留言消息  ------------------------------------  小编也很辛苦，能不能打赏一块钱，长按二维码直接打赏（凭自愿）  【同济微生活】  订阅  :  微信中搜索添加好友【  ""tongji006】  或长摁下面二维码直接关注  点击  “阅读原文”  发表表白、树洞等信息  ↓↓↓"
"2019","05/27","·﻿  ﻿  ﻿  ﻿﻿  击上面  ↑↑↑  蓝字订阅【同济微生活】  -----------------------------------  ❤表白1:回复表白3:同  ❤表白2:表白徐cx！  ❤表白3:表白建院七七的第五天。现在我都还在纠结要不要告诉你，怎么会有我这么怂的人啊  ❤表白4:表白我们新飞！！！四年熬过头，以后一定一定要走星星路  ❤表白5:回复表白11  那就莫得错  ❤表白6:表白天天赖在寝室看电视看还毫无顾忌地外放的小姐姐  喜欢你极了  ❤表白7:回复昨天的17，我也是这样，习惯性地自己去做事，也不会主动深入了解别人。不过一个人的日子挺快乐的呀  ❤表白8:张航，你好好学习好不好，别再自我放逐了，我真的舍不得你，你千万不要不读啦，超级想跟你一起毕业啊。你是我见过的最有才情的人之一，甚至比我高中时有些考上清北的同学还强，我领教过你的过目不忘和百科全书一样的知识，你能把再复杂的事情分析的浅显易懂，你是我最珍视的宝藏男孩啊。你真的太爱掩藏自己了，超级不爱说话，但凭我的第六感哈，你肯定是一个感情特别细腻的人，否则绝对写不出那么温婉深情的文字，你有话可以跟我讲啊，不要自己憋着啊。我好怕你就这么萎靡下去，你好好学习好不好，求求你  ❤表白9:表白昨天在综合楼弹吉他唱歌的那个小姐姐，什么神仙歌喉啊我的妈呀，因为不敢打扰你才没看到你的脸，天啊我沦陷了，拜托你以后也经常来唱歌好不好，我就想躲在一旁听你唱歌  ❤表白10:表白14级经管唐傲(老年人也想谈恋爱!  )，我知道你还在这里继续深造，你肯定还能看到。能遇见你真的是一种幸运，就算只是看着你，也可以用眼睛来把握你的美好，一步一步跟着视线追寻着你，自私地将你的魅影填入脑海，继而徜徉。  ❤表白11:同济机器人队的yzy小盆友，失联了这么久下次见我的时候是不是该保护保护你的膝盖呢🤔  ❤表白12:表白墙变成搞创墙了!表白翟潇闻!手可摘星辰 我可翟潇闻  ❤表白13:表白电信院队黑黑肉肉的男生 打球好厉害 好希望能一起看电影啊  ❤表白14:回复21 你可以加我的qq3536816823  ❤表白15:有没有医学院的同学有有机化学的PPT！跪求！（我们这个老师不给PPT..）请喝奶茶送小零食什么的都好说！救救孩子吧！  VX:WWQpetitefleur  ❤表白16:第一次表白有点紧张哈~ 翟潇闻生日快到啦~ 提前祝你生日快乐哈❤️  ❤表白17:那我必须要表白一下我们台妹孙圻峻了哈！ 颜我不知道怎么说，反正搞创的姐妹走过路过都看他两眼没有一个不说帅的哈！ 说话超可爱！可以看高嘉朗和李鑫一教他东北话那集！不知道在哪的找我！收获快乐的同时看帅哥何乐而不为！反正我看了笑疯了！现在说的我又想再看一遍！ 公演舞台也超棒的！最近进步很大！却还是一如既往地帅！是《国王》！vocal舞蹈都很不错的哈！ 愿意一起搞创的姐妹上岛吧！本资深营妹在此哈哈哈哈哈哈哈！希望有个比我更深入岛圈的姐妹可以来battle一下呢哈哈哈！  ❤表白18:表白王晨艺，你永远是xys唯一的国王。  ❤表白19:回复昨天表白24，那是个人很好的小哥哥噢，微信号是vulgarity_ 8⃣️用谢，其他有意向的小姐姐都可以了解一下噢，真的很帅，我们男的都觉得帅  ❤表白20:回复昨天表白24 那是个人很好的小哥哥 他的微信vulgarity_ 请其他有意向的小姐姐也加他噢 真的很帅 男生都觉得很帅  ❤表白21:表白我舍友，天天晚上敲键盘按鼠标到半夜，麻辣隔壁的，买不起无声的？我踏🐴 祝你在deadline之前嗝屁哦！simadejianhuo  ❤表白22:11顺位:周震南，夏之光，焉栩嘉，姚琛，赵让，李鑫一，陆思恒，彭楚粤，张远，翟潇闻，任豪。琛南旧事给我🔒！  ❤表白23:姚琛来了，就别走了！！！姚琛冲鸭，6.8高位出道！！！！！爱你爱你  ❤表白24:回复表白24:他看到了  ❤表白25:18级社会学的瞿靖东小哥哥，想知道你有女票了吗  ❤表白26:上周三5.22晚上在129篮球场有一个超帅的小哥哥 183+ 有一点锡纸烫 穿篮球背心和短裤 好像是黑色和紫色相间 想认识！  ❤表白27:表白某些骑摩托的留学生，您在我面前急刹车漂移的样子真的帅爆了呢  ，我的小心脏吓了一下之后就砰砰地乱跳，真的是久久难以忘怀！  希望您能身体健康，福如东海，寿比南山，长命百岁！  ❤表白28:周一上午在129练投篮的短发女生 我是在你旁边打球的男生 可以认识一下吗  ❤表白29:表白周六下午在汇文楼一个穿蓝色格子衬衫裙的女生，上身还有一件深蓝色针织衫，背着帆布包。看你去三楼了，不知道你叫什么名字呢  ------------------------------------  发表表白、树洞等直接点击文章底部阅读原文  如果有什么紧急的事情找找小编，可以点击阅读原文到【  互动交流  】板块留言，小编会定时的查看你的留言消息  ------------------------------------  小编也很辛苦，能不能打赏一块钱，长按二维码直接打赏（凭自愿）  【同济微生活】  订阅  :  微信中搜索添加好友【  ""tongji006】  或长摁下面二维码直接关注  点击  “阅读原文”  发表表白、树洞等信息  ↓↓↓"
"2019","05/26","·﻿  ﻿  ﻿  ﻿﻿  击上面  ↑↑↑  蓝字订阅【同济微生活】  -----------------------------------  ❤表白1:在线替室友征个婚，室友想找对象快想疯了  ，他身高180+，温柔体贴，愿意为女朋友花费自己的百分之80精力，有意者联系室友微信  17721256837  ❤表白2:万引nb！cv部nb！我永远喜欢cv部的诸位  ❤表白3:自制力非常差的妹子，希望可以找到一个可以互相监督，互相督促的童靴，最好是工试的呀，就可以一起泡图书馆了，小哥哥or小姐姐来者不拒～本人待人真诚友善～ 有意者可以留下联系方式哦⊙∀⊙！  ❤表白4:刚刚替室友征婚17721256837是他的手机号，他的微信号是18703746863 发错了不好意思😣  ❤表白5:马上快六个月了，我，好像要放弃掉你了，我快要坚持不下去了，有点难呐，但好像其实也没什么大不了，只不过是终于放过了我自己，你错过了我是要去遇见谁啊，到此为止吧，你所不知道的那就永远不知道好了，无意义  ❤表白6:周六晚上在德文一楼穿格子t恤牛仔裤小白鞋的女孩，可以认识你一下吗？我们见过好多次欧，我是那个穿灰蓝t恤黑色裤子的男生，不太好意思当面要微信  ❤表白7:表白绯雪上的白裙子女孩！今天的你们是小天使喔  ❤表白8:东篱剧社的小哥哥，你当法官的样子好迷人哦，可以知道你的联系方式吗  ❤表白9:游泳也太棒了吧，周六晚上七点左右又看到了一个身材超级超级超级好的也很高的小哥哥。妈呀，身材太好了！各位小姐姐一定要多去游泳馆玩，会发现很多身材超好的小哥哥。  ❤表白10:野兽轻狂，护你成王，王晨艺你值得更好的！荣耀退场，以后就能独自美丽啦~  ❤表白11:回复表白24 是不是抓错人了呢 我记得我们班团支书戴的一直是黑色的帽子哦  ❤表白12:表白建院七七的第四天。虽然认识你的时间不算很长，但还是不知道为什么就这样无法控制地喜欢上了你。  ❤表白13:考试周快到了，可以约一个小哥哥或者小姐姐好好学习天天向上吗  ❤表白14:不想当暖男，想当渣男  ❤表白15:表白18经管n小q，待我再准备几天就表白，（创意已有，正在实施）说不定可以碰到儿童节  ❤表白16:周六下午六点图书馆一楼145号的女生，你好，这是我的QQ：2041947194  ❤表白17:还有几天就要母胎solo19年啦！想想自己也不是没有人喜欢，但是我因为一些原因养成了回避依恋型人格，一旦有人想靠近我，就会像个刺猬一样竖起刺把人吓跑。人都会倾向于喜欢活泼阳光的人吧，哎，我们这种浑身带刺的性格真的好难啊。试过改变自己，但是真的没有办法一下改变自己的行为模式。在恋爱越来越廉价和快速的时代，我这种起码认识半年才能把你当熟人的人怕是没救了吧。  ❤表白18:回复表白2：马贺雨mhy13504696833， 小姐姐加油！  ❤表白19:…小哥哥也太难追了吧，我真的不知道往哪儿使劲…求老天爷开开眼赐我良机啊！！！  ❤表白20:表白嘉禾舞社王老师王晨艺  答应我不要自卑，在舞台上的你就是这世上的独一无二。答应我不要对这个世界绝望，回归平凡生活里，善良的人就在身边。答应我不要自责，你只是不幸地成为了资本博弈的牺牲品，你从不曾辜负我们，你的经历更给予了我们勇敢追梦的勇气。 你的舞蹈跳的那么好，即使是黑你的人也不敢从这里开枪。请继续爱舞蹈，继续开怀地笑，继续做你那些未完成的梦。 未来平凡或是绚烂，我们都会因你而骄傲。 这场噩梦该结束了🙏愿你快乐  ❤表白21:回复昨天表白1:  你可以给我你的呀  ❤表白22:回复昨天的表白12：终于在表白墙找到果仁姐妹了！！！我真情实感地落泪了  一起送哥哥出道哇！！  ❤表白23:昨天的表白7啊，兄弟我这么做是我不好，对不起，我改，不过“表面上”和“背地”这两个说法让我觉的你可能除了自作多情以外至少还有个擅长写剧本的长处，这两件事都是真实的我，不过我不会闲到和别人分享我洗完澡会拿吹风机吹吹脚，我做不到如您这样(表面)出门穿戴整齐，然后(背地里)你是用哪根手指清理您尊贵得不见得光的鼻孔此等闲事也会四处分享的光明磊落。看到这条直接找我谈谈吧，你的指责我接受，不过我觉得你的指责方式有必要向我道歉，咱之间有点误会[good]  ❤表白24:5.25大概晚上21.21左右，在嘉定校区图书馆门口有一个大概身高一米八，穿了一双拖鞋，背了双肩背包，应该是白色到膝短裤的男生，我出门的时候和他对视了一下，下雨天他也没有带伞，我看他站了一会就直接淋着雨回去了，嘻嘻嘻想要认识他，不知道他能不能看到  ❤表白25:突然感觉从天上掉了一个男朋友 好开心 好突然 加油 zg  ❤表白26:表白双云佳哥凡凡人工余老师 真的太绝了！！！期待下一次的搅和！！！  ❤表白27:希望在嘉定毕业前能遇到一个善良可爱的小姐姐  ❤表白28:嘉定还有没有人超级棒单身的小姐姐  ❤表白29:表白任豪！绝世bking,入股不亏！  ❤表白30:表白张远小叔叔，希望他能C位出道，早日成团。  ❤表白31:真的对某些组织失去信心了，对于什么要求都只能服从，话语权都还是在某些人手里，这么久以来感受到的越来越令人失望，感觉就是在消耗时间和精力还得不到任何回报，或许一开始就应该想明白这些事情。有这些被用来消耗的时间不如好好多看一些书做想做的事情，最后悔的事情就是加入这些所谓的组织。  ❤表白32:表白一个好几周前，周二拍摄MV，穿白大褂的那个高高瘦瘦的小哥哥，是医学院的吗？想认识。[可爱  ❤表白33:表白刘特啊 vocal惊艳 不想他走啊  ------------------------------------  发表表白、树洞等直接点击文章底部阅读原文  如果有什么紧急的事情找找小编，可以点击阅读原文到【  互动交流  】板块留言，小编会定时的查看你的留言消息  ------------------------------------  小编也很辛苦，能不能打赏一块钱，长按二维码直接打赏（凭自愿）  【同济微生活】  订阅  :  微信中搜索添加好友【  ""tongji006】  或长摁下面二维码直接关注  点击  “阅读原文”  发表表白、树洞等信息  ↓↓↓"
"2019","05/25","·﻿  ﻿  ﻿  ﻿﻿  击上面  ↑↑↑  蓝字订阅【同济微生活】  -----------------------------------  ❤表白1:回复昨天表白8 那么机灵的小姐姐有联系方式吗  ❤表白2:想要一个叫马贺雨的小哥哥的联系方式？有谁知道吗？？😶 😶 知道请联系我呗！！！谢谢  ❤表白3:晚上我拉球门的时候碰见的两个小姐姐太好看了点吧🌚  ❤表白4:土木结构赛那红衣黑裤的男的，大概170左右？挺可爱，不知道叫啥  ❤表白5:哈哈哈哈哈哈哈何洛洛冲啊！！爱何洛洛啦  ❤表白6:我  小艾  ❤表白7:有些人表面上光辉靓丽背地里却用宿舍楼的公共吹风机吹脚  是买不起纸呢还是买不起毛巾？  ❤表白8:回复14，这个xgg需要一个xjj  ❤表白9:昨天17搞什么？人家小姑娘哪里不可爱，自己空间发自拍夸自己可爱要你来评价？哪句话戳你g点了？有必要说成这样吗？嘉定有没有好看的小姐姐小哥哥我不知道，有我觉得你也⑧配噢  ❤表白10:回复昨天表白28 不是的！我之前暗恋的人在嘉定，我在四平，悄悄在墙上表白了一下，ta就来找我了！现在已经是我的了！喜欢就说出来吧说不定ta正好在等你  ❤表白11:表白昨天的张7带上了他的颜，希望造型半永久。张颜齐高位出道吧！  ❤表白12:没想到这么多搞创女孩！ball ball大家可以顺便关注下任豪小哥哥啊！台上克里斯马，台下佛系养生，颜好舞美声音苏，入股不亏  ❤表白13:表白刘也！你坚信的，终究会成为你想成为的！（有没有搞创姐妹一起pick阿雅的  ）  ❤表白14:不知道口腔医学院的qxl同学有没有喜欢的女孩子呀  ❤表白15:周四上午王国金老师高数课上戴白色帽子，穿紫色衣服的小姐姐长的好可爱呀，可以要你的微信吗  ❤表白16:傻傻的又是学神的你，什么都不懂的你，高高的你，瘦瘦的你，LZS,我喜欢你呀，  在这个什么都善变的人世间，我想，和你看一看永远  ❤表白17:表白建院七七的第三天。若不是不知道短暂相交后的我们在以后会不会变成平行线，又怎会那么喜欢却不得不在相处的时候隐藏起来这份感觉  ❤表白18:有没有小可爱知道医学院17级临床专业的ZJZ小哥哥有没有npy啊  ❤表白19:昨天医学院那个TZP好惨啊，单身狗不容易，蹭热度好歹点两个zan吧！咱啥也不说，坐等联系安慰几个字总可叭～Tel：13573053126  ❤表白20:继续表白医学院朱恩照小哥哥  ❤表白21:特别的人在千里之外，一个人加班也很满足 一场人生一场五月天  ❤表白22:表白周五中午在学苑门口系鞋带的小哥哥，起身之后还和他对视了几秒，感觉有丶可爱  ❤表白23:想问一下，17级艺传的周鑫鑫小姐姐有没有男朋友呀，可不可以认识一下  ❤表白24:表白计算机三班团支部书记，不过不知道小哥哥叫什么名字呢？  带白色帽子的样子好好看，好阳光  ❤表白25:回复28你能不能放下我不知道，反正我去了嘉定肯定也是放不下的  ❤表白26:回复表白14 可以约图书馆呀不过打伞我来吧，qq3536816823  ❤表白27:回复表白14 一起来图书馆嘛  ❤表白28:回复14 这种不留方式的真的会有男孩子联系吗  ❤表白29:表白陆思恒，呱呱冲呀  给他投票的都是绝世大可爱  ❤表白30:表白17土木娄诗雅小姐姐，刚上大学的时候就被你吸引了，在人群中中一眼看到了心中的女神，之后校园里遇见你，每次都是心动的感觉  ，但可惜没机会认识你，也不知道有没有男朋友  ❤表白31:今天在逸夫楼见到的医学院礼仪队，董婉娴小姐姐真好看啊  ❤表白32:表白昨天图书馆八楼的一个男生，穿米白色短袖，后背有印花，工装裤，帆布鞋，昨晚大概十点左右不小心在电梯里撞到这位小哥哥了，虽然当面已经道歉了，但是还是想再次道歉啊，或许以后可以和你一起约馆么 😊  ❤表白33:我想了很久还是发了这条表白，第一次见你就被你吸引了，你身上仿佛有种特殊的魅力吸引着我，后来有更多的机会了解你，知道你是那么的优秀，但是一直没有机会去认识你，跟你上同一节课时我甚至会紧张，我会很认真的去听课，余光会时不时的看着你，想去更深入的了解你。可是两年了，仍然没有机会，或者勇气走出这一步。很奇怪的是，你竟然会时常出现在我的梦中，梦里我们想谈甚欢，仿佛认识了很久的感觉。 昨晚跳舞的你真美，可惜牵你手的那个人不是我  ------------------------------------  发表表白、树洞等直接点击文章底部阅读原文  如果有什么紧急的事情找找小编，可以点击阅读原文到【  互动交流  】板块留言，小编会定时的查看你的留言消息  ------------------------------------  小编也很辛苦，能不能打赏一块钱，长按二维码直接打赏（凭自愿）  【同济微生活】  订阅  :  微信中搜索添加好友【  ""tongji006】  或长摁下面二维码直接关注  点击  “阅读原文”  发表表白、树洞等信息  ↓↓↓"
